CH,SNBH,YWBH,QYSD,DY_现行,WLZB_W,WLZB_CJTW,WLZB_GS,WLZB_P,WLZB_PD,WLZB_R,WLZB_RD,WLZB_E0,WLZB_N,WLZB_SR,WLZB_WL,WLZB_WP,WLZB_IP,WLZB_IL,WLZB_WL17,WLZB_WP17,WLZB_IP17,WLZB_IL17,WLZB_WC,WLZB_CJTIL,WLZB_HSB,WLZB_YXB,WLZB_YSB,DY200,200_100,DY100,100_60,DY60,60_40,DY40,40_20,DY20,20_10,10_5,5_2,20_2,DY2,2_0D5,DY0D5,0D5_0D25,DY0D25,0D25_0D075,XY0D075,0D075_0D05,0D05_0D005,0D05_0D01,0D01_0D005,0D075_0D005,XY0D005,0D005_0D002,0D075_0D002,XY0D002,KF_CU,KF_CC,KF_D10,KF_D30,KF_D50,KF_D60,KF_D70,KF_D85,KF_D95,E_12.5,E_25,E_50,E_100,E_150,E_200,E_300,E_400,E_500,E_600,E_800,E_1000,E_1200,E_1600,E_3200,E_6400,E_1,E_2,a0_12.5,a0_25,a12.5_25,a0_50,a0_100,a25_50,a50_100,a50_150,a100_200,a200_300,a300_400,a400_500,a400_600,a500_600,a600_800,a800_1000,a1000_1200,a1200_1600,a1600_3200,a3200_6400,a400_800,a500_800,a800_1200,a800_1600,ES0_12.5,ES0_25,ES0_50,ES0_100,ES12.5_25,ES25_50,ES50_100,ES50_150,ES100_200,ES200_300,ES300_400,ES400_500,ES400_600,ES500_600,ES600_800,ES800_1000,ES1000_1200,ES1200_1600,ES1600_3200,ES3200_6400,ES400_800,ES500_800,ES800_1200,ES800_1600,BHA100_200,BHES100_200,S25,S50,S75,S100,S150,S200,S300,S400,C1,O1,C2,O2,C3,O3,C4,O4,C5,O5,C51,O51,C6,O6,CJ_C1,CJ_O1,BH_C1,BH_O1,BH_C2,BH_O2,BH_C3,BH_O3,BH_C4,BH_O4,BH_C5,BH_O5,BH_C51,BH_O51,BH_C6,BH_O6,BH_CJ_C1,BH_CJ_O1,KF_SS,KF_SX,GY_PC,GY_CC,GY_CS,GY_OCR,ST_KV,ST_KH,QU,QU1,ST,DR,WN,SSL,K0,AT,HK,PZ_OEF,PZ_OE50,PZ_YS,PZ_PE,PZ_WS,PDMAX,WOPT,EMIN,EMAX,JC_KV,JC_KH,HTXS,HTZYSXS,HTML,HTZYSML,CBR2D5,CBR5,DWXS,DRXS,BRR,DZL,HT_OS,HT_PZ,HT_OZS,HT_PSH,HT_OS50,HT_OS100,HT_OS150,HT_OS200,HT_OS300,HT_OS400,HT_OS500,HT_OS600,HT_OS800,HT_OS1000,HT_OS1200,HT_OS1600,HT_OS_1,HT_OS_2,CV50,CV100,CV200,CV300,CV400,CV500,CV600,CV800,CV_50,CV_100,CV_200,CV_300,CV_400,CV_500,CV_600,CV_800,EP_0,EP_25,EP_50,EP_100,EP_150,EP_200,EP_300,EP_400,EP_500,EP_600,EP_800,EP_1000,EP_1200,EP_1600,EP_3200,EP_6400,aP0_25,aP0_50,aP0_100,aP0_150,aP0_200,aP0_300,aP0_400,aP0_500,aP0_600,aP0_800,aP0_1000,aP0_1200,aP0_1600,aP0_3200,aP0_6400,ESP0_25,ESP0_50,ESP0_100,ESP0_150,ESP0_200,ESP0_300,ESP0_400,ESP0_500,ESP0_600,ESP0_800,ESP0_1000,ESP0_1200,ESP0_1600,ESP0_3200,ESP0_6400,YS_P,YS_P_BH,YS_P_GZ,YS_R,YS_R_BH,YS_GZ,YS_RHXS,BY_2,BY_3,BY_4
层号,室内试样编号,野外试样编号,取样深度,建筑_现行规范分类,物理_含水率W,物理_残积细粒土含水率Wf,物理_比重Gs,物理_密度ρ,物理_干密度ρ,物理_重度γ,物理_干重度γd,物理_孔隙比Eo,物理_孔隙率n,物理_饱和度Sr,物理_液限WL10,物理_塑限WP10,物理_塑性指数IP10,物理_液性指数IL10,物理_液限WL17,物理_塑限WP17,物理_塑性指数IP17,物理_液性指数IL17,物理_天然稠度WC,物理_残积土细粒土液性指数IL,物理_含水比,物理_液隙比,物理_液塑比,颗分_>200,颗分_200~100,颗分_>100,颗分_100~60,颗分_>60,颗分_60~40,颗分_>40,颗分_40~20,颗分_>20,颗分_20~10,颗分_10~5,颗分_5~2,颗分_20~2,颗分_>2,颗分_2~0.5,颗分_>0.5,颗分_0.5~0.25,颗分_0.25,颗分_0.25~0.075,颗分_<0.075,颗分_0.075~0.05,颗分_0.05~0.005,颗分_0.05~0.01,颗分_0.01~0.005,颗分_0.075~0.005,颗分_<0.005,颗分_0.005~0.002,颗分_0.075~0.002,颗分_<0.002,颗分_不均匀系数Cu,颗分_曲率系数Cc,颗分_有效粒径d10,颗分_中间粒径d30,颗分_平均粒径d50,颗分_限制粒径d60,颗分_粒径d70,颗分_粒径d85,颗分_粒径d95,固结_12.5kPa孔隙比,固结_25kPa孔隙比,固结_50kPa孔隙比,固结_100kPa孔隙比,固结_150kPa孔隙比,固结_200kPa孔隙比,固结_300kPa孔隙比,固结_400kPa孔隙比,固结_500kPa孔隙比,固结_600kPa孔隙比,固结_800kPa孔隙比,固结_1000kPa孔隙比,固结_1200kPa孔隙比,固结_1600kPa孔隙比,固结_3200kPa孔隙比,固结_6400kPa孔隙比,固结_自定义1孔隙比,固结_自定义2孔隙比,固结_0~12.5kPa压力段压缩系数av,固结_0~25kPa压力段压缩系数av,固结_12.5~25kPa压力段压缩系数av,固结_0~50kPa压力段压缩系数av,固结_0~100kPa压力段压缩系数av,固结_25~50kPa压力段压缩系数av,固结_50~100kPa压力段压缩系数av,固结_50~150kPa压力段压缩系数av,固结_100~200kPa压力段压缩系数av,固结_200~300kPa压力段压缩系数av,固结_300~400kPa压力段压缩系数av,固结_400~500kPa压力段压缩系数av,固结_400~600kPa压力段压缩系数av,固结_500~600kPa压力段压缩系数av,固结_600~800kPa压力段压缩系数av,固结_800~1000kPa压力段压缩系数av,固结_1000~1200kPa压力段压缩系数av,固结_1200~1600kPa压力段压缩系数av,固结_1600~3200kPa压力段压缩系数av,固结_3200~6400kPa压力段压缩系数av,固结_400~800kPa压力段压缩系数av,固结_500~800kPa压力段压缩系数av,固结_800~1200kPa压力段压缩系数av,固结_800~1600kPa压力段压缩系数av,固结_0~12.5kPa压力段压缩模量Es,固结_0~25kPa压力段压缩模量Es,固结_0~50kPa 压力段压缩模量Es,固结_0~100kPa 压力段压缩模量Es,固结_12.5~25kPa压力段压缩模量Es,固结_25~50kPa压力段压缩模量Es,固结_50~100kPa压力段压缩模量Es,固结_50~150kPa压力段压缩模量Es,固结_100~200kPa压力段压缩模量Es,固结_200~300kPa压力段压缩模量Es,固结_300~400kPa压力段压缩模量Es,固结_400~500kPa压力段压缩模量Es,固结_400~600kPa压力段压缩模量Es,固结_500~600kPa压力段压缩模量Es,固结_600~800kPa压力段压缩模量Es,固结_800~1000kPa压力段压缩模量Es,固结_1000~1200kPa压力段压缩模量Es,固结_1200~1600kPa压力段压缩模量Es,固结_1600~3200kPa压力段压缩模量Es,固结_3200~6400kPa压力段压缩模量Es,固结_400~800kPa压力段压缩模量Es,固结_500~800kPa压力段压缩模量Es,固结_800~1200kPa压力段压缩模量Es,固结_800~1600kPa压力段压缩模量Es,固结_100~200kPa压力段饱和压缩系数av,固结_100~200kPa压力段饱和压缩模量Es,剪切_25KPa抗剪强度,剪切_50KPa抗剪强度,剪切_75KPa抗剪强度,剪切_100KPa抗剪强度,剪切_150KPa抗剪强度,剪切_200KPa抗剪强度,剪切_300KPa抗剪强度,剪切_400KPa抗剪强度,剪切_快剪C,剪切_快剪Φ,剪切_固快C,剪切_固快Φ,剪切_慢剪C,剪切_慢剪Φ,剪切_三轴UU_C,剪切_三轴UU_Φ,剪切_三轴CU总应力C,剪切_三轴CU总应力Φ,剪切_三轴CU有效C,剪切_三轴CU有效Φ,剪切_三轴CD_C,剪切_三轴CD_Φ,剪切_残余剪切C,剪切_残余剪切Φ,剪切_饱和快剪C,剪切_饱和快剪Φ,剪切_饱和固快C,剪切_饱和固快Φ,剪切_饱和慢剪C,剪切_饱和慢剪Φ,剪切_饱和三轴UU_C,剪切_饱和三轴UU_Φ,剪切_饱和三轴CU总应力C,剪切_饱和三轴CU总应力Φ,剪切_饱和三轴CU有效C,剪切_饱和三轴CU有效Φ,剪切_饱和三轴CD_C,剪切_饱和三轴CD_Φ,剪切_饱和残余剪切C,剪切_残余剪切Φ,水上休止角,水下休止角,高压固结_先期固结压力,高压固结_压缩指数,高压固结_回弹指数,高压固结_超固结比,垂直渗透系数,水平渗透系数,无侧限抗压强度,重塑土无侧限抗压强度,灵敏度,相对密度,有机质含量,烧失量,静止侧压力系数,崩解量,毛细管上升高度,膨胀土_自由膨胀率,膨胀土_膨胀率δe50,膨胀土_收缩系数,膨胀土_膨胀力,膨胀土_缩限,击实_最大干密度,击实_最优含水率,最小孔隙比,最大孔隙比,垂直基床系数,水平基床系数,固结_回弹系数,固结_回弹再压缩系数,固结_回弹模量,固结_回弹再压缩模量,承载比CBR2.5,承载比CBR5.0,地铁_导温系数,地铁_导热系数,地铁_比热容,电阻率,黄土_湿陷系数,黄土_自重湿陷压力,黄土_自重湿陷系数,黄土_湿陷起始压力,黄土_50KPa湿陷系数,黄土_100KPa湿陷系数,黄土_150KPa湿陷系数,黄土_200KPa湿陷系数,黄土_300KPa湿陷系数,黄土_400KPa湿陷系数,黄土_500KPa湿陷系数,黄土_600KPa湿陷系数,黄土_800KPa湿陷系数,黄土_1000KPa湿陷系数,黄土_1200KPa湿陷系数,黄土_1600KPa湿陷系数,黄土_自定义1湿陷系数,黄土_自定义2湿陷系数,固结_50kPa垂直固结系数,固结_100kPa垂直固结系数,固结_200kPa垂直固结系数,固结_300kPa垂直固结系数,固结_400kPa垂直固结系数,固结_500kPa垂直固结系数,固结_600kPa垂直固结系数,固结_800kPa垂直固结系数,固结_50kPa水平固结系数,固结_100kPa水平固结系数,固结_200kPa水平固结系数,固结_300kPa水平固结系数,固结_400kPa水平固结系数,固结_500kPa水平固结系数,固结_600kPa水平固结系数,固结_800kPa水平固结系数,北京固结_自重压力P0孔隙比,北京固结_自重压力P0+25KPa孔隙比,北京固结_自重压力P0+50KPa孔隙比,北京固结_自重压力P0+100KPa孔隙比,北京固结_自重压力P0+150KPa孔隙比,北京固结_自重压力P0+200Pa孔隙比,北京固结_自重压力P0+300Pa孔隙比,北京固结_自重压力P0+400KPa孔隙比,北京固结_自重压力P0+500KPa孔隙比,北京固结_自重压力P0+600KPa孔隙比,北京固结_自重压力P0+800KPa孔隙比,北京固结_自重压力P0+1000KPa孔隙比,北京固结_自重压力P0+1200KPa孔隙比,北京固结_自重压力P0+1600KPa孔隙比,北京固结_自重压力P0+3200KPa孔隙比,北京固结_自重压力P0+6400KPa孔隙比,北京固结_自重压力P0~P0+25KPa压缩系数,北京固结_自重压力P0~P0+50KPa压缩系数,北京固结_自重压力P0~P0+100KPa压缩系数,北京固结_自重压力P0~P0+150KPa压缩系数,北京固结_自重压力P0~P0+200KPa压缩系数,北京固结_自重压力P0~P0+300Pa压缩系数,北京固结_自重压力P0~P0+400KPa压缩系数,北京固结_自重压力P0~P0+500KPa压缩系数,北京固结_自重压力P0~P0+600KPa压缩系数,北京固结_自重压力P0~P0+800KPa压缩系数,北京固结_自重压力P0~P0+1000KPa压缩系数,北京固结_自重压力P0~P0+1200KPa压缩系数,北京固结_自重压力P0~P0+1600KPa压缩系数,北京固结_自重压力P0~P0+3200KPa压缩系数,北京固结_自重压力P0~P0+6400KPa压缩系数,北京固结_自重压力P0~P0+25KPa压缩模量,北京固结_自重压力P0~P0+50KPa压缩模量,北京固结_自重压力P0~P0+100KPa压缩模量,北京固结_自重压力P0~P0+150KPa压缩模量,北京固结_自重压力P0~P0+200KPa压缩模量,北京固结_自重压力P0~P0+300KPa压缩模量,北京固结_自重压力P0~P0+400KPa压缩模量,北京固结_自重压力P0~P0+500KPa压缩模量,北京固结_自重压力P0~P0+600KPa压缩模量,北京固结_自重压力P0~P0+800KPa压缩模量,北京固结_自重压力P0~P0+1000KPa压缩模量,北京固结_自重压力P0~P0+1200KPa压缩模量,北京固结_自重压力P0~P0+1600KPa压缩模量,北京固结_自重压力P0~P0+3200KPa压缩模量,北京固结_自重压力P0~P0+6400KPa压缩模量,岩石天然密度,岩石饱和密度,岩石干燥密度,岩石天然抗压强度,岩石饱和抗压强度,岩石干燥抗压强度,岩石软化系数,备用2,备用3,备用4
,,,,,,,,,,,,,,,,,,,,,,,,,,,,,200,,100,,60,,40,,20,10,5,20,,2,,0.5,,0.25,,0.075,0.05,0.05,0.01,0.075,,0.005,0.075,,,,,,,,,,,,,,,,,,,,,,,,,,,,,0~12.5,0~25,12.5~25,0~50,0~100,25~50,50~100,50~150,100~200,200~300,300~400,400~500,400~600,500~600,600~800,800~1000,1000~1200,1200~1600,1600~3200,32000~6400,400~800,500~800,800~1200,800~1600,0~12.5,0~25,0~50,0~100,12.5~25,25~50,50~100,50~150,100~200,200~300,300~400,400~500,400~600,500~600,600~800,800~1000,1000~1200,1200~1600,1600~3200,32000~6400,400~800,500~800,800~1200,800~1600,100~200kPa,100~200kPa,25,50,75,100,150,200,300,400,,,固结,固结,,,,,三轴,三轴,三轴,三轴,,,,,饱和,饱和,饱和固,饱和固,饱和,饱和,饱和,饱和,饱和三轴,饱和三轴,饱和三轴,饱和三轴,饱和,饱和,饱和,饱和,,,,,,,,,原状,重塑,,,,,,,,,,,,,,,,,,,,,,,,,,,,,,,,,50,100,150,200,300,400,500,600,800,1000,1200,1600,自定义1,自定义2,50kPa,100kPa,200kPa,300kPa,400kPa,500kPa,600kPa,800kPa,50kPa,100kPa,200kPa,300kPa,400kPa,500kPa,600kPa,800kPa,,,,,,,,,,,,,,,,,Po~Po+,Po~Po+,Po~Po+,Po~Po+,Po~Po+,Po~Po+,Po~Po+,Po~Po+,Po~Po+,Po~Po+,Po~Po+,Po~Po+,Po~Po+,Po~Po+,Po~Po+,Po~Po+,Po~Po+,Po~Po+,Po~Po+,Po~Po+,Po~Po+,Po~Po+,Po~Po+,Po~Po+,Po~Po+,Po~Po+,Po~Po+,Po~Po+,Po~Po+,Po~Po+,,,,,,,,,,
层,室内,野外,取样,依  据,,,,,,,,,,,,,,,,,,,,残积土,,,,>200,～,>100,～,>60,～,>40,～,>20,～,～,～,～,>2,～,>0.5,～,>0.25,～,<0.075,～,～,～,～,～,<0.005,～,～,<0.002,不均,曲率,有效,中间,平均,限制,,,,12.5,25,50,100,150,200,300,400,500,600,800,1000,1200,1600,3200,6400,自定义1,自定义2,kPa,kPa,kPa,kPa,kPa,kPa,kPa,kPa,kPa,kPa,kPa,kPa,kPa,kPa,kPa,kPa,kPa,kPa,kPa,kPa,kPa,kPa,kPa,kPa,kPa,kPa,kPa,kPa,kPa,kPa,kPa,kPa,kPa,kPa,kPa,kPa,kPa,kPa,kPa,kPa,kPa,kPa,kPa,kPa,kPa,kPa,kPa,kPa,压力段,压力段,kPa,kPa,kPa,kPa,kPa,kPa,kPa,kPa,快剪,快剪,快剪,快剪,慢剪,慢剪,三轴,三轴,总应力,总应力,有效,有效,三轴,三轴,残余,残余,快剪,快剪,结快剪,结快剪,慢剪,慢剪,三轴,三轴,总应力,总应力,有效,有效,三轴,三轴,残余,残余,水  上,水  下,,,,,,,土无,土无,,,,,,,毛细,,50KPa,,,,,,,,,,,,,,,,,,,,,,,,kPa,kPa,kPa,kPa,kPa,kPa,kPa,kPa,kPa,kPa,kPa,kPa,kPa,kPa,压力下,压力下,压力下,压力下,压力下,压力下,压力下,压力下,压力下,压力下,压力下,压力下,压力下,压力下,压力下,压力下,Po+,Po+,Po+,Po+,Po+,Po+,Po+,Po+,Po+,Po+,Po+,Po+,Po+,Po+,Po+,Po+,25kPa,50kPa,100kPa,150kPa,200kPa,300kPa,400kPa,500kPa,600kPa,800kPa,1000kPa,1200kPa,1600kPa,3200kPa,6400kPa,25kPa,50kPa,100kPa,150kPa,200kPa,300kPa,400kPa,500kPa,600kPa,800kPa,1000kPa,1200kPa,1600kPa,3200kPa,6400kPa,,,,岩石,岩石,岩石,,,,
,,,,现  行,含,残积土,比,密,干,重,干,孔,孔,饱,液,塑,塑性,液性,液,塑,塑性,液性,天然,细粒土,含水,液隙,液塑,,100,,60,,40,,20,,10,5,2,2,,0.5,,0.25,,0.075,,0.05,0.005,0.01,0.005,0.005,,0.002,0.002,,匀,,,,,,粒径,粒径,粒径,kPa,kPa,kPa,kPa,kPa,kPa,kPa,kPa,kPa,kPa,kPa,kPa,kPa,kPa,kPa,kPa,kPa,kPa,压力段,压力段,压力段,压力段,压力段,压力段,压力段,压力段,压力段,压力段,压力段,压力段,压力段,压力段,压力段,压力段,压力段,压力段,压力段,压力段,压力段,压力段,压力段,压力段,压力段,压力段,压力段,压力段,压力段,压力段,压力段,压力段,压力段,压力段,压力段,压力段,压力段,压力段,压力段,压力段,压力段,压力段,压力段,压力段,压力段,压力段,压力段,压力段,饱和,饱和,压力下,压力下,压力下,压力下,压力下,压力下,压力下,压力下,q,q,Cq,Cq,S,S,UU,UU,CU,CU,CU,CU,CD,CD,剪切,剪切,Bq,Bq,BCq,BCq,BS,BS,BUU,BUU,BCU,BCU,BCU,BCU,BCD,BCD,剪切,剪切,,,先期,压缩,回弹,超固,垂直,水平,侧限,侧限,灵,相对,有机,烧,静止,崩,管,自  由,压力下,收缩,膨胀,缩,最大,最优,最  小,最  大,垂直,水平,回弹,回弹,回弹,回弹,承载,承载,导温,导热,比热,,湿陷,自重,自重,湿陷,压力下,压力下,压力下,压力下,压力下,压力下,压力下,压力下,压力下,压力下,压力下,压力下,压力下,压力下,垂直,垂直,垂直,垂直,垂直,垂直,垂直,垂直,水平,水平,水平,水平,水平,水平,水平,水平,0kPa,25kPa,50kPa,100kPa,150kPa,200kPa,300kPa,400kPa,500kPa,600kPa,800kPa,1000kPa,1200kPa,1600kPa,3200kPa,6400kPa,压力段,压力段,压力段,压力段,压力段,压力段,压力段,压力段,压力段,压力段,压力段,压力段,压力段,压力段,压力段,压力段,压力段,压力段,压力段,压力段,压力段,压力段,压力段,压力段,压力段,压力段,压力段,压力段,压力段,压力段,岩石,岩石,岩石,天然,饱和,干燥,岩石,,,
,试样,试样,,GB 50021-2001,水,细粒土,,,密,,重,隙,隙,和,,,,,,,,,,液  性,,,,mm,mm,mm,mm,mm,mm,mm,mm,mm,mm,mm,mm,mm,mm,mm,mm,mm,mm,mm,mm,mm,mm,mm,mm,mm,mm,mm,mm,mm,系数,系数,粒径,粒径,粒径,粒径,,,,压力下,压力下,压力下,压力下,压力下,压力下,压力下,压力下,压力下,压力下,压力下,压力下,压力下,压力下,压力下,压力下,压力下,压力下,压缩,压缩,压缩,压缩,压缩,压缩,压缩,压缩,压缩,压缩,压缩,压缩,压缩,压缩,压缩,压缩,压缩,压缩,压缩,压缩,压缩,压缩,压缩,压缩,压缩,压缩,压缩,压缩,压缩,压缩,压缩,压缩,压缩,压缩,压缩,压缩,压缩,压缩,压缩,压缩,压缩,压缩,压缩,压缩,压缩,压缩,压缩,压缩,压缩,压缩,抗剪,抗剪,抗剪,抗剪,抗剪,抗剪,抗剪,抗剪,黏聚,内摩,黏聚,内摩,黏聚,内摩,黏聚,内摩,黏聚,内摩,黏聚,内摩,黏聚,内摩,黏聚,内摩,黏聚,内摩,黏聚,内摩,黏聚,内摩,黏聚,内摩,黏聚,内摩,黏聚,内摩,黏聚,内摩,黏聚,内摩,休止角,休止角,固结,,,,渗透,渗透,抗压,抗压,敏,,质,失,侧压力,解,上升,,膨胀,,,,干,含水,,,基床,基床,,再压缩,,再压缩,比,比,,,,电阻率,,湿陷,湿陷,起始,湿陷,湿陷,湿陷,湿陷,湿陷,湿陷,湿陷,湿陷,湿陷,湿陷,湿陷,湿陷,湿陷,湿陷,固结,固结,固结,固结,固结,固结,固结,固结,固结,固结,固结,固结,固结,固结,固结,固结,压力下,压力下,压力下,压力下,压力下,压力下,压力下,压力下,压力下,压力下,压力下,压力下,压力下,压力下,压力下,压力下,压缩,压缩,压缩,压缩,压缩,压缩,压缩,压缩,压缩,压缩,压缩,压缩,压缩,压缩,压缩,压缩,压缩,压缩,压缩,压缩,压缩,压缩,压缩,压缩,压缩,压缩,压缩,压缩,压缩,压缩,天然,饱和,干燥,抗压,抗压,抗压,软化,,,
,,,,规  范,率,含水率,重,度,度,度,度,比,率,度,限,限,指数,指数,限,限,指数,指数,稠度,指  数,比,比,比,颗分,颗分,颗分,颗分,颗分,颗分,颗分,颗分,颗分,颗分,颗分,颗分,颗分,颗分,颗分,颗分,颗分,颗分,颗分,颗分,颗分,颗分,颗分,颗分,颗分,颗分,颗分,颗分,颗分,,,,,,,,,,孔隙比,孔隙比,孔隙比,孔隙比,孔隙比,孔隙比,孔隙比,孔隙比,孔隙比,孔隙比,孔隙比,孔隙比,孔隙比,孔隙比,孔隙比,孔隙比,孔隙比,孔隙比,系数,系数,系数,系数,系数,系数,系数,系数,系数,系数,系数,系数,系数,系数,系数,系数,系数,系数,系数,系数,系数,系数,系数,系数,模量,模量,模量,模量,模量,模量,模量,模量,模量,模量,模量,模量,模量,模量,模量,模量,模量,模量,模量,模量,模量,模量,模量,模量,系数,模量,强度,强度,强度,强度,强度,强度,强度,强度,力,擦角,力,擦角,力,擦角,力,擦角,力,擦角,力,擦角,力,擦角,力,擦角,力,擦角,力,擦角,力,擦角,力,擦角,力,擦角,力,擦角,力,擦角,力,擦角,,,压力,指数,指数,结比,系数,系数,强度,强度,度,密度,含量,量,系数,量,高度,膨胀率,率,系数,力,限,密度,率,孔隙比,孔隙比,系数,系数,系数,系数,模量,模量,试验,试验,系数,系数,容,,系数,压力,系数,压力,系数,系数,系数,系数,系数,系数,系数,系数,系数,系数,系数,系数,系数,系数,系数,系数,系数,系数,系数,系数,系数,系数,系数,系数,系数,系数,系数,系数,系数,系数,孔隙比,孔隙比,孔隙比,孔隙比,孔隙比,孔隙比,孔隙比,孔隙比,孔隙比,孔隙比,孔隙比,孔隙比,孔隙比,孔隙比,孔隙比,孔隙比,系数,系数,系数,系数,系数,系数,系数,系数,系数,系数,系数,系数,系数,系数,系数,模量,模量,模量,模量,模量,模量,模量,模量,模量,模量,模量,模量,模量,模量,模量,密度,密度,密度,强度,强度,强度,系数,,,
号,编号,编号,深度,分  类,W,Wf,Gs,ρ,ρd,γ,γd,eO,n,Sr,WL,WP,IP,IL,WL17,WP17,IP17,IL17,WC,IL,w/wL,wL/e,Ir,含量,含量,含量,含量,含量,含量,含量,含量,含量,含量,含量,含量,含量,含量,含量,含量,含量,含量,含量,含量,含量,含量,含量,含量,含量,含量,含量,含量,含量,Cu,Cc,d10,d30,d50,d60,d70,d85,d95,ei,ei,ei,ei,ei,ei,ei,ei,ei,ei,ei,ei,ei,ei,ei,ei,ei,ei,av,av,av,av,av,av,av,av,av,av,av,av,av,av,av,av,av,av,av,av,av,av,av,av,Es,Es,Es,Es,Es,Es,Es,Es,Es,Es,Es,Es,Es,Es,Es,Es,Es,Es,Es,Es,Es,Es,Es,Es,av,Esi,Si,Si,Si,Si,Si,Si,Si,Si,c,Φ,c,Φ,c,Φ,c,Φ,c,Φ,c,Φ,c,Φ,c,Φ,c,Φ,c,Φ,c,Φ,c,Φ,c,Φ,c,Φ,c,Φ,c,Φ,θ,θ,Pc,Cc,Cs,OCR,Kv,KH,qu,qu',St,Dr,Wn,,Ko,At,Hk,δef,δe50,λs,Pe,ws,ρdmax,wopt,emin,emax,Kv,Kh,a,a,Es,Es,CBR2.5,CBR5.0,α,λ,C,,δs,Pz,δzs,Psh,δsi,δsi,δsi,δsi,δsi,δsi,δsi,δsi,δsi,δsi,δsi,δsi,δsi,δsi,,,,,,,,,,,,,,,,,ei,ei,ei,ei,ei,ei,ei,ei,ei,ei,ei,ei,ei,ei,ei,ei,ai,ai,ai,ai,ai,ai,ai,ai,ai,ai,ai,ai,ai,ai,ai,Esi,Esi,Esi,Esi,Esi,Esi,Esi,Esi,Esi,Esi,Esi,Esi,Esi,Esi,Esi,ρ,ρ,ρ,R,Rb,Rg,,,,
,,,m,,%,%,-,g/cm3,g/cm3,kN/m3,kN/m3,-,-,%,%,%,-,-,%,%,-,-,%,%,-,-,-,%,%,%,%,%,%,%,%,%,%,%,%,%,%,%,%,%,%,%,%,%,%,%,%,%,%,%,%,%,-,-,mm,mm,mm,mm,mm,mm,mm,-,-,-,-,-,-,-,-,-,-,-,-,-,-,-,-,-,-,MPa-1,MPa-1,MPa-1,MPa-1,MPa-1,MPa-1,MPa-1,MPa-1,MPa-1,MPa-1,MPa-1,MPa-1,MPa-1,MPa-1,MPa-1,MPa-1,MPa-1,MPa-1,MPa-1,MPa-1,MPa-1,MPa-1,MPa-1,MPa-1,MPa,MPa,MPa,MPa,MPa,MPa,MPa,MPa,MPa,MPa,MPa,MPa,MPa,MPa,MPa,MPa,MPa,MPa,MPa,MPa,MPa,MPa,MPa,MPa,MPa-1,MPa,kPa,kPa,kPa,kPa,kPa,kPa,kPa,kPa,kPa,度,kPa,度,kPa,度,kPa,度,kPa,度,kPa,度,kPa,度,kPa,度,kPa,度,kPa,度,kPa,度,kPa,度,kPa,度,kPa,度,kPa,度,kPa,度,度,度,kPa,-,-,-,cm/s,cm/s,kPa,kPa,-,-,%,%,-,%,cm,%,%,-,kPa,%,g/cm3,%,-,-,MPa/m,MPa/m,MPa-1,MPa-1,Mpa,Mpa,,,X10-3m2/h,w/(m.h),KJ/(kg.k),Ω・ m ,-,kPa,-,kPa,-,-,-,-,-,-,-,-,-,-,-,-,-,-,X10-3cm2/s,X10-3cm2/s,X10-3cm2/s,X10-3cm2/s,X10-3cm2/s,X10-3cm2/s,X10-3cm2/s,X10-3cm2/s,X10-3cm2/s,X10-3cm2/s,X10-3cm2/s,X10-3cm2/s,X10-3cm2/s,X10-3cm2/s,X10-3cm2/s,X10-3cm2/s,-,-,-,-,-,-,-,-,-,-,-,-,-,-,-,-,MPa-1,MPa-1,MPa-1,MPa-1,MPa-1,MPa-1,MPa-1,MPa-1,MPa-1,MPa-1,MPa-1,MPa-1,MPa-1,MPa-1,MPa-1,MPa,MPa,MPa,MPa,MPa,MPa,MPa,MPa,MPa,MPa,MPa,MPa,MPa,MPa,MPa,g/cm3,g/cm3,g/cm3,MPa,MPa,MPa,,,,
10,10,20,20,20,10,10,10,10,10,10,10,10,10,10,10,10,10,10,10,10,10,10,10,10,10,10,10,8,8,8,8,8,8,8,8,8,8,8,8,8,8,8,8,8,8,10,8,8,8,8,10,10,10,10,10,10,10,10,10,10,10,10,10,10,10,10,10,10,10,10,10,10,10,10,10,10,10,10,10,10,10,10,10,10,10,10,10,10,10,10,10,10,10,10,10,10,10,10,10,12,12,12,12,12,12,12,12,10,10,10,10,10,10,10,10,10,10,10,10,10,10,10,12,12,12,12,12,12,10,10,10,10,10,10,10,10,10,10,10,10,10,10,10,10,10,10,10,10,10,10,10,10,10,10,10,10,10,10,10,10,10,10,10,10,10,10,10,10,10,10,10,10,10,10,10,10,10,10,10,15,15,10,10,10,10,10,10,10,10,10,10,10,10,10,10,10,10,10,10,10,10,10,10,10,10,10,10,18,12,12,10,10,10,10,10,10,10,10,10,10,10,10,10,10,10,10,10,10,10,15,15,15,15,15,15,15,15,15,15,15,15,15,15,15,15,10,10,10,10,10,10,10,10,10,10,10,10,10,10,10,10,10,10,10,10,10,10,10,10,10,10,10,10,10,10,10,10,10,10,10,10,10,10,10,10,10,10,10,10,10,10,10,10,10,10,10,10,10,10,10,10
,,,#0.00,,##0.0,##0.0,##0.00,##0.00,##0.00,##0.0,##0.0,##0.000,##0.0,##0,##0.0,##0.0,##0.0,##0.00,##0.0,##0.0,##0.0,##0.00,##0.00,##0.00,##0.00,##0.00,##0.00,##0.0,##0.0,##0.0,##0.0,##0.0,##0.0,##0.0,##0.0,##0.0,##0.0,##0.0,##0.0,##0.0,##0.0,##0.0,##0.0,##0.0,##0.0,##0.0,##0.0,##0.0,##0.0,##0.0,##0.0,##0.0,##0.0,##0.0,##0.0,##0.0,##0.00,##0.00,##0.000,##0.000,##0.000,##0.000,##0.000,##0.000,##0.000,##0.000,##0.000,##0.000,##0.000,##0.000,##0.000,##0.000,##0.000,##0.000,##0.000,##0.000,##0.000,##0.000,##0.000,##0.000,##0.000,##0.000,##0.000,###0.00,###0.00,###0.00,###0.00,###0.00,###0.00,###0.00,###0.00,###0.00,###0.00,###0.00,###0.00,###0.00,###0.00,###0.00,###0.00,###0.00,###0.00,###0.00,###0.00,###0.00,###0.00,###0.00,###0.00,###0.0,###0.0,###0.0,###0.0,###0.0,###0.0,###0.0,###0.0,###0.0,###0.0,###0.0,###0.0,###0.0,###0.0,###0.0,###0.0,###0.0,###0.0,###0.0,###0.0,###0.0,###0.0,###0.0,###0.0,##0.00,##0.0,##0,##0,##0,##0,##0,##0,##0,##0,##0.0,##0.0,##0.0,##0.0,##0.0,##0.0,##0.0,##0.0,##0.0,##0.0,##0.0,##0.0,##0.0,##0.0,##0.0,##0.0,##0.0,##0.0,##0.0,##0.0,##0.0,##0.0,##0.0,##0.0,##0.0,##0.0,##0.0,##0.0,##0.0,##0.0,##0.0,##0.0,##0.0,##0.0,##0,##0.000,##0.000,##0.000,0.00E+00,0.00E+00,###0,###0,##0.00,##0.0,##0.00,##0.0,##0.00,##0.00,##0.0,##0.0,##0.00,##0.00,##0,##0.0,##0.00,##0.0,##0.000,##0.000,##0.000,##0.000,##0.00,##0.00,##0.0,##0.0,##0.00,##0.00,##0.000,##0.000,##0.000,##0.0,##0.000,##0,##0.000,##0,##0.000,##0.000,##0.000,##0.000,##0.000,##0.000,##0.000,##0.000,##0.000,##0.000,##0.000,##0.000,##0.000,##0.000,###0.000,###0.000,###0.000,###0.000,###0.000,###0.000,###0.000,###0.000,###0.000,###0.000,###0.000,###0.000,###0.000,###0.000,###0.000,###0.000,##0.000,##0.000,##0.000,##0.000,##0.000,##0.000,##0.000,##0.000,##0.000,##0.000,##0.000,##0.000,##0.000,##0.000,##0.000,##0.000,##0.00,##0.00,##0.00,##0.00,##0.00,##0.00,##0.00,##0.00,##0.00,##0.00,##0.00,##0.00,##0.00,##0.00,##0.00,##0.0,##0.0,##0.0,##0.0,##0.0,##0.0,##0.0,##0.0,##0.0,##0.0,##0.0,##0.0,##0.0,##0.0,##0.0,##0.00,##0.00,##0.00,##0.000,##0.000,##0.000,##0.00,,,
2,3,4,8,259,50,51,52,53,54,55,56,57,58,59,60,61,62,63,64,65,66,67,68,69,70,71,72,10,11,12,13,14,15,16,17,18,19,20,21,22,23,24,25,26,27,28,29,30,31,32,33,34,35,36,37,38,39,40,41,42,43,44,45,46,47,91,92,93,94,95,96,97,98,99,100,101,102,103,104,105,106,107,108,109,110,111,112,113,114,115,116,117,118,119,120,121,122,123,124,125,126,127,128,129,130,131,132,133,134,135,136,137,138,139,140,141,142,143,144,145,146,147,148,149,150,151,152,153,154,155,156,314,315,157,158,159,160,161,162,163,164,165,166,167,168,169,170,171,172,173,174,175,176,177,178,179,180,181,182,183,184,185,186,187,188,189,190,191,192,193,194,195,196,48,49,213,214,215,216,217,218,219,220,221,222,223,224,225,226,227,228,229,230,231,232,233,234,235,236,237,238,239,240,241,242,243,244,245,246,247,255,73,74,75,76,77,78,79,80,81,82,83,84,85,86,87,88,89,90,197,198,199,200,201,202,203,204,205,206,207,208,209,210,211,212,268,269,270,271,272,273,274,275,276,277,278,279,280,281,282,283,284,285,286,287,288,289,290,291,292,293,294,295,296,297,298,299,300,301,302,303,304,305,306,307,308,309,310,311,312,313,248,249,250,251,252,253,254,256,257,258
土样编号,土样编号,土样编号,土样编号,土样编号,物理,物理,物理,物理,物理,物理,物理,物理,物理,物理,物理,物理,物理,物理,物理,物理,物理,物理,物理,物理,物理,物理,物理,颗分,颗分,颗分,颗分,颗分,颗分,颗分,颗分,颗分,颗分,颗分,颗分,颗分,颗分,颗分,颗分,颗分,颗分,颗分,颗分,颗分,颗分,颗分,颗分,颗分,颗分,颗分,颗分,颗分,颗分,颗分,颗分,颗分,颗分,颗分,颗分,颗分,颗分,固结,固结,固结,固结,固结,固结,固结,固结,固结,固结,固结,固结,固结,固结,固结,固结,固结,固结,固结,固结,固结,固结,固结,固结,固结,固结,固结,固结,固结,固结,固结,固结,固结,固结,固结,固结,固结,固结,固结,固结,固结,固结,固结,固结,固结,固结,固结,固结,固结,固结,固结,固结,固结,固结,固结,固结,固结,固结,固结,固结,固结,固结,固结,固结,固结,固结,固结,固结,剪切,剪切,剪切,剪切,剪切,剪切,剪切,剪切,剪切,剪切,剪切,剪切,剪切,剪切,剪切,剪切,剪切,剪切,剪切,剪切,剪切,剪切,剪切,剪切,剪切,剪切,剪切,剪切,剪切,剪切,剪切,剪切,剪切,剪切,剪切,剪切,剪切,剪切,剪切,剪切,特殊,特殊,特殊,特殊,特殊,特殊,特殊,特殊,特殊,特殊,特殊,特殊,特殊,特殊,特殊,特殊,特殊,特殊,特殊,特殊,特殊,特殊,特殊,特殊,特殊,特殊,特殊,特殊,特殊,特殊,特殊,特殊,特殊,特殊,特殊,特殊,特殊,特殊,黄土,黄土,黄土,黄土,黄土,黄土,黄土,黄土,黄土,黄土,黄土,黄土,黄土,黄土,黄土,黄土,黄土,黄土,固结系数,固结系数,固结系数,固结系数,固结系数,固结系数,固结系数,固结系数,固结系数,固结系数,固结系数,固结系数,固结系数,固结系数,固结系数,固结系数,北京固结,北京固结,北京固结,北京固结,北京固结,北京固结,北京固结,北京固结,北京固结,北京固结,北京固结,北京固结,北京固结,北京固结,北京固结,北京固结,北京固结,北京固结,北京固结,北京固结,北京固结,北京固结,北京固结,北京固结,北京固结,北京固结,北京固结,北京固结,北京固结,北京固结,北京固结,北京固结,北京固结,北京固结,北京固结,北京固结,北京固结,北京固结,北京固结,北京固结,北京固结,北京固结,北京固结,北京固结,北京固结,北京固结,岩石,岩石,岩石,岩石,岩石,岩石,岩石,岩石,岩石,岩石
,,,,,,,,,,,,,,,,,,,,,,,,,,,,,200,,100,,60,,40,,20,10,5,20,,2,,0.5,,0.25,,0.075,0.05,0.05,0.01,0.075,,0.005,0.075,,,,,,,,,,,,,,,,,,,,,,,,,,,,,0~12.5,0~25,12.5~25,0~50,0~100,25~50,50~100,50~150,100~200,200~300,300~400,400~500,400~600,500~600,600~800,800~1000,1000~1200,1200~1600,1600~3200,32000~6400,400~800,500~800,800~1200,800~1600,0~12.5,0~25,0~50,0~100,12.5~25,25~50,50~100,50~150,100~200,200~300,300~400,400~500,400~600,500~600,600~800,800~1000,1000~1200,1200~1600,1600~3200,32000~6400,400~800,500~800,800~1200,800~1600,100~200kPa,100~200kPa,25,50,75,100,150,200,300,400,,,固结,固结,,,,,三轴,三轴,三轴,三轴,,,,,饱和,饱和,饱和固,饱和固,饱和,饱和,饱和,饱和,饱和三轴,饱和三轴,饱和三轴,饱和三轴,饱和,饱和,饱和,饱和,,,,,,,,,原状,重塑,,,,,,,,,,,,,,,,,,,,,,,,,,,,,,,,,50,100,150,200,300,400,500,600,800,1000,1200,1600,自定义1,自定义2,50kPa,100kPa,200kPa,300kPa,400kPa,500kPa,600kPa,800kPa,50kPa,100kPa,200kPa,300kPa,400kPa,500kPa,600kPa,800kPa,,,,,,,,,,,,,,,,,Po~Po+,Po~Po+,Po~Po+,Po~Po+,Po~Po+,Po~Po+,Po~Po+,Po~Po+,Po~Po+,Po~Po+,Po~Po+,Po~Po+,Po~Po+,Po~Po+,Po~Po+,Po~Po+,Po~Po+,Po~Po+,Po~Po+,Po~Po+,Po~Po+,Po~Po+,Po~Po+,Po~Po+,Po~Po+,Po~Po+,Po~Po+,Po~Po+,Po~Po+,Po~Po+,,,,,,,,,,
层,室内,野外,取样,依  据,,,,,,,,,,,,,,,,,,,,残积土,,,,>200,～,>100,～,>60,～,>40,～,>20,～,～,～,～,>2,～,>0.5,～,>0.25,～,<0.075,～,～,～,～,～,<0.005,～,～,<0.002,不均,曲率,有效,中间,平均,限制,,,,12.5,25,50,100,150,200,300,400,500,600,800,1000,1200,1600,3200,6400,自定义1,自定义2,kPa,kPa,kPa,kPa,kPa,kPa,kPa,kPa,kPa,kPa,kPa,kPa,kPa,kPa,kPa,kPa,kPa,kPa,kPa,kPa,kPa,kPa,kPa,kPa,kPa,kPa,kPa,kPa,kPa,kPa,kPa,kPa,kPa,kPa,kPa,kPa,kPa,kPa,kPa,kPa,kPa,kPa,kPa,kPa,kPa,kPa,kPa,kPa,压力段,压力段,kPa,kPa,kPa,kPa,kPa,kPa,kPa,kPa,快剪,快剪,快剪,快剪,慢剪,慢剪,三轴,三轴,总应力,总应力,有效,有效,三轴,三轴,残余,残余,快剪,快剪,结快剪,结快剪,慢剪,慢剪,三轴,三轴,总应力,总应力,有效,有效,三轴,三轴,残余,残余,水  上,水  下,,,,,,,土无,土无,,,,,,,毛细,,50KPa,,,,,,,,,,,,,,,,,,,,,,,,kPa,kPa,kPa,kPa,kPa,kPa,kPa,kPa,kPa,kPa,kPa,kPa,kPa,kPa,压力下,压力下,压力下,压力下,压力下,压力下,压力下,压力下,压力下,压力下,压力下,压力下,压力下,压力下,压力下,压力下,Po+,Po+,Po+,Po+,Po+,Po+,Po+,Po+,Po+,Po+,Po+,Po+,Po+,Po+,Po+,Po+,25kPa,50kPa,100kPa,150kPa,200kPa,300kPa,400kPa,500kPa,600kPa,800kPa,1000kPa,1200kPa,1600kPa,3200kPa,6400kPa,25kPa,50kPa,100kPa,150kPa,200kPa,300kPa,400kPa,500kPa,600kPa,800kPa,1000kPa,1200kPa,1600kPa,3200kPa,6400kPa,,,,岩石,岩石,岩石,,,,
,,,,现  行,含,残积土,比,密,干,重,干,孔,孔,饱,液,塑,塑性,液性,液,塑,塑性,液性,天然,细粒土,含水,液隙,液塑,,100,,60,,40,,20,,10,5,2,2,,0.5,,0.25,,0.075,,0.05,0.005,0.01,0.005,0.005,,0.002,0.002,,匀,,,,,,粒径,粒径,粒径,kPa,kPa,kPa,kPa,kPa,kPa,kPa,kPa,kPa,kPa,kPa,kPa,kPa,kPa,kPa,kPa,kPa,kPa,压力段,压力段,压力段,压力段,压力段,压力段,压力段,压力段,压力段,压力段,压力段,压力段,压力段,压力段,压力段,压力段,压力段,压力段,压力段,压力段,压力段,压力段,压力段,压力段,压力段,压力段,压力段,压力段,压力段,压力段,压力段,压力段,压力段,压力段,压力段,压力段,压力段,压力段,压力段,压力段,压力段,压力段,压力段,压力段,压力段,压力段,压力段,压力段,饱和,饱和,压力下,压力下,压力下,压力下,压力下,压力下,压力下,压力下,q,q,Cq,Cq,S,S,UU,UU,CU,CU,CU,CU,CD,CD,剪切,剪切,Bq,Bq,BCq,BCq,BS,BS,BUU,BUU,BCU,BCU,BCU,BCU,BCD,BCD,剪切,剪切,,,先期,压缩,回弹,超固,垂直,水平,侧限,侧限,灵,相对,有机,烧,静止,崩,管,自  由,压力下,收缩,膨胀,缩,最大,最优,最  小,最  大,垂直,水平,回弹,回弹,回弹,回弹,承载,承载,导温,导热,比热,,湿陷,自重,自重,湿陷,压力下,压力下,压力下,压力下,压力下,压力下,压力下,压力下,压力下,压力下,压力下,压力下,压力下,压力下,垂直,垂直,垂直,垂直,垂直,垂直,垂直,垂直,水平,水平,水平,水平,水平,水平,水平,水平,0kPa,25kPa,50kPa,100kPa,150kPa,200kPa,300kPa,400kPa,500kPa,600kPa,800kPa,1000kPa,1200kPa,1600kPa,3200kPa,6400kPa,压力段,压力段,压力段,压力段,压力段,压力段,压力段,压力段,压力段,压力段,压力段,压力段,压力段,压力段,压力段,压力段,压力段,压力段,压力段,压力段,压力段,压力段,压力段,压力段,压力段,压力段,压力段,压力段,压力段,压力段,岩石,岩石,岩石,天然,饱和,干燥,岩石,,,
,试样,试样,,GB 50021-2001,水,细粒土,,,密,,重,隙,隙,和,,,,,,,,,,液  性,,,,mm,mm,mm,mm,mm,mm,mm,mm,mm,mm,mm,mm,mm,mm,mm,mm,mm,mm,mm,mm,mm,mm,mm,mm,mm,mm,mm,mm,mm,系数,系数,粒径,粒径,粒径,粒径,,,,压力下,压力下,压力下,压力下,压力下,压力下,压力下,压力下,压力下,压力下,压力下,压力下,压力下,压力下,压力下,压力下,压力下,压力下,压缩,压缩,压缩,压缩,压缩,压缩,压缩,压缩,压缩,压缩,压缩,压缩,压缩,压缩,压缩,压缩,压缩,压缩,压缩,压缩,压缩,压缩,压缩,压缩,压缩,压缩,压缩,压缩,压缩,压缩,压缩,压缩,压缩,压缩,压缩,压缩,压缩,压缩,压缩,压缩,压缩,压缩,压缩,压缩,压缩,压缩,压缩,压缩,压缩,压缩,抗剪,抗剪,抗剪,抗剪,抗剪,抗剪,抗剪,抗剪,黏聚,内摩,黏聚,内摩,黏聚,内摩,黏聚,内摩,黏聚,内摩,黏聚,内摩,黏聚,内摩,黏聚,内摩,黏聚,内摩,黏聚,内摩,黏聚,内摩,黏聚,内摩,黏聚,内摩,黏聚,内摩,黏聚,内摩,黏聚,内摩,休止角,休止角,固结,,,,渗透,渗透,抗压,抗压,敏,,质,失,侧压力,解,上升,,膨胀,,,,干,含水,,,基床,基床,,再压缩,,再压缩,比,比,,,,电阻率,,湿陷,湿陷,起始,湿陷,湿陷,湿陷,湿陷,湿陷,湿陷,湿陷,湿陷,湿陷,湿陷,湿陷,湿陷,湿陷,湿陷,固结,固结,固结,固结,固结,固结,固结,固结,固结,固结,固结,固结,固结,固结,固结,固结,压力下,压力下,压力下,压力下,压力下,压力下,压力下,压力下,压力下,压力下,压力下,压力下,压力下,压力下,压力下,压力下,压缩,压缩,压缩,压缩,压缩,压缩,压缩,压缩,压缩,压缩,压缩,压缩,压缩,压缩,压缩,压缩,压缩,压缩,压缩,压缩,压缩,压缩,压缩,压缩,压缩,压缩,压缩,压缩,压缩,压缩,天然,饱和,干燥,抗压,抗压,抗压,软化,,,
,,,,规  范,率,含水率,重,度,度,度,度,比,率,度,限,限,指数,指数,限,限,指数,指数,稠度,指  数,比,比,比,颗分,颗分,颗分,颗分,颗分,颗分,颗分,颗分,颗分,颗分,颗分,颗分,颗分,颗分,颗分,颗分,颗分,颗分,颗分,颗分,颗分,颗分,颗分,颗分,颗分,颗分,颗分,颗分,颗分,,,,,,,,,,孔隙比,孔隙比,孔隙比,孔隙比,孔隙比,孔隙比,孔隙比,孔隙比,孔隙比,孔隙比,孔隙比,孔隙比,孔隙比,孔隙比,孔隙比,孔隙比,孔隙比,孔隙比,系数,系数,系数,系数,系数,系数,系数,系数,系数,系数,系数,系数,系数,系数,系数,系数,系数,系数,系数,系数,系数,系数,系数,系数,模量,模量,模量,模量,模量,模量,模量,模量,模量,模量,模量,模量,模量,模量,模量,模量,模量,模量,模量,模量,模量,模量,模量,模量,系数,模量,强度,强度,强度,强度,强度,强度,强度,强度,力,擦角,力,擦角,力,擦角,力,擦角,力,擦角,力,擦角,力,擦角,力,擦角,力,擦角,力,擦角,力,擦角,力,擦角,力,擦角,力,擦角,力,擦角,力,擦角,,,压力,指数,指数,结比,系数,系数,强度,强度,度,密度,含量,量,系数,量,高度,膨胀率,率,系数,力,限,密度,率,孔隙比,孔隙比,系数,系数,系数,系数,模量,模量,试验,试验,系数,系数,容,,系数,压力,系数,压力,系数,系数,系数,系数,系数,系数,系数,系数,系数,系数,系数,系数,系数,系数,系数,系数,系数,系数,系数,系数,系数,系数,系数,系数,系数,系数,系数,系数,系数,系数,孔隙比,孔隙比,孔隙比,孔隙比,孔隙比,孔隙比,孔隙比,孔隙比,孔隙比,孔隙比,孔隙比,孔隙比,孔隙比,孔隙比,孔隙比,孔隙比,系数,系数,系数,系数,系数,系数,系数,系数,系数,系数,系数,系数,系数,系数,系数,模量,模量,模量,模量,模量,模量,模量,模量,模量,模量,模量,模量,模量,模量,模量,密度,密度,密度,强度,强度,强度,系数,,,
号,编号,编号,深度,分  类,W,Wf,Gs,ρ,ρd,γ,γd,eO,n,Sr,WL,WP,IP,IL,WL17,WP17,IP17,IL17,WC,IL,w/wL,wL/e,Ir,含量,含量,含量,含量,含量,含量,含量,含量,含量,含量,含量,含量,含量,含量,含量,含量,含量,含量,含量,含量,含量,含量,含量,含量,含量,含量,含量,含量,含量,Cu,Cc,d10,d30,d50,d60,d70,d85,d95,ei,ei,ei,ei,ei,ei,ei,ei,ei,ei,ei,ei,ei,ei,ei,ei,ei,ei,av,av,av,av,av,av,av,av,av,av,av,av,av,av,av,av,av,av,av,av,av,av,av,av,Es,Es,Es,Es,Es,Es,Es,Es,Es,Es,Es,Es,Es,Es,Es,Es,Es,Es,Es,Es,Es,Es,Es,Es,av,Esi,Si,Si,Si,Si,Si,Si,Si,Si,c,Φ,c,Φ,c,Φ,c,Φ,c,Φ,c,Φ,c,Φ,c,Φ,c,Φ,c,Φ,c,Φ,c,Φ,c,Φ,c,Φ,c,Φ,c,Φ,θ,θ,Pc,Cc,Cs,OCR,Kv,KH,qu,qu',St,Dr,Wn,,Ko,At,Hk,δef,δe50,λs,Pe,ws,ρdmax,wopt,emin,emax,Kv,Kh,a,a,Es,Es,CBR2.5,CBR5.0,α,λ,C,,δs,Pz,δzs,Psh,δsi,δsi,δsi,δsi,δsi,δsi,δsi,δsi,δsi,δsi,δsi,δsi,δsi,δsi,,,,,,,,,,,,,,,,,ei,ei,ei,ei,ei,ei,ei,ei,ei,ei,ei,ei,ei,ei,ei,ei,ai,ai,ai,ai,ai,ai,ai,ai,ai,ai,ai,ai,ai,ai,ai,Esi,Esi,Esi,Esi,Esi,Esi,Esi,Esi,Esi,Esi,Esi,Esi,Esi,Esi,Esi,ρ,ρ,ρ,R,Rb,Rg,,,,
,,,m,,%,%,-,g/cm3,g/cm3,kN/m3,kN/m3,-,-,%,%,%,-,-,%,%,-,-,%,%,-,-,-,%,%,%,%,%,%,%,%,%,%,%,%,%,%,%,%,%,%,%,%,%,%,%,%,%,%,%,%,%,-,-,mm,mm,mm,mm,mm,mm,mm,-,-,-,-,-,-,-,-,-,-,-,-,-,-,-,-,-,-,MPa-1,MPa-1,MPa-1,MPa-1,MPa-1,MPa-1,MPa-1,MPa-1,MPa-1,MPa-1,MPa-1,MPa-1,MPa-1,MPa-1,MPa-1,MPa-1,MPa-1,MPa-1,MPa-1,MPa-1,MPa-1,MPa-1,MPa-1,MPa-1,MPa,MPa,MPa,MPa,MPa,MPa,MPa,MPa,MPa,MPa,MPa,MPa,MPa,MPa,MPa,MPa,MPa,MPa,MPa,MPa,MPa,MPa,MPa,MPa,MPa-1,MPa,kPa,kPa,kPa,kPa,kPa,kPa,kPa,kPa,kPa,度,kPa,度,kPa,度,kPa,度,kPa,度,kPa,度,kPa,度,kPa,度,kPa,度,kPa,度,kPa,度,kPa,度,kPa,度,kPa,度,kPa,度,kPa,度,度,度,kPa,-,-,-,cm/s,cm/s,kPa,kPa,-,-,%,%,-,%,cm,%,%,-,kPa,%,g/cm3,%,-,-,MPa/m,MPa/m,MPa-1,MPa-1,Mpa,Mpa,,,X10-3m2/h,w/(m.h),KJ/(kg.k),Ω・ m ,-,kPa,-,kPa,-,-,-,-,-,-,-,-,-,-,-,-,-,-,X10-3cm2/s,X10-3cm2/s,X10-3cm2/s,X10-3cm2/s,X10-3cm2/s,X10-3cm2/s,X10-3cm2/s,X10-3cm2/s,X10-3cm2/s,X10-3cm2/s,X10-3cm2/s,X10-3cm2/s,X10-3cm2/s,X10-3cm2/s,X10-3cm2/s,X10-3cm2/s,-,-,-,-,-,-,-,-,-,-,-,-,-,-,-,-,MPa-1,MPa-1,MPa-1,MPa-1,MPa-1,MPa-1,MPa-1,MPa-1,MPa-1,MPa-1,MPa-1,MPa-1,MPa-1,MPa-1,MPa-1,MPa,MPa,MPa,MPa,MPa,MPa,MPa,MPa,MPa,MPa,MPa,MPa,MPa,MPa,MPa,g/cm3,g/cm3,g/cm3,MPa,MPa,MPa,,,,
1,2,3,4,5,6,7,8,9,10,11,12,13,14,15,16,17,18,19,20,21,22,23,24,25,26,27,28,29,30,31,32,33,34,35,36,37,38,39,40,41,42,43,44,45,46,47,48,49,50,51,52,53,54,55,56,57,58,59,60,61,62,63,64,65,66,67,68,69,70,71,72,73,74,75,76,77,78,79,80,81,82,83,84,85,86,87,88,89,90,91,92,93,94,95,96,97,98,99,100,101,102,103,104,105,106,107,108,109,110,111,112,113,114,115,116,117,118,119,120,121,122,123,124,125,126,127,128,129,130,131,132,133,134,135,136,137,138,139,140,141,142,143,144,145,146,147,148,149,150,151,152,153,154,155,156,157,158,159,160,161,162,163,164,165,166,167,168,169,170,171,172,173,174,175,176,177,178,179,180,181,182,183,184,185,186,187,188,189,190,191,192,193,194,195,196,197,198,199,200,201,202,203,204,205,206,207,208,209,210,211,212,213,214,215,216,217,218,219,220,221,222,223,224,225,226,227,228,229,230,231,232,233,234,235,236,237,238,239,240,241,242,243,244,245,246,247,248,249,250,251,252,253,254,255,256,257,258,259,260,261,262,263,264,265,266,267,268,269,270,271,272,273,274,275,276,277,278,279,280,281,282,283,284,285,286,287,288,289,290,291,292,293,294,295,296,297,298,299,300,301,302
1,,最 小 值,,,22.9,,2.73,2.03,1.64,19.9,16.1,0.643,39.1,98,35.9,18.9,17.0,0.19,,,,,,,0.60,54.10,1.90,,,,,,,,,,,,,,,,,,,,,,,,,,,,,,,,,,,,,,,,,,,,,,,,,,,,,,,,,,,,,,,,,0.10,0.26,0.38,,,,,,,,,,,,,,,,,,,,,,1.2,,,,,,,,,,,,,,,,,,,,,,,,,,,,,,,,,,,,,,,,,,,,,,,,,,,,,,,,,,,,,,,,,,1,,,,,,,,,,,,,,,,,,,,,,,,,,,,,,,,,,,,,,,,,,,,,,,,,,,,,,,,,,,,,,,,,,,,,,,,,,,,,,,,,,,,,,,,,,,,,,,,,,,,,,,,,,,,,,,,,,,,,,,
1,,最 大 值,,,23.7,,2.74,2.05,1.67,20.1,16.4,0.664,39.9,98,38.1,19.4,18.7,0.28,,,,,,,0.66,59.28,1.96,,,,,,,,,,,,,,,,,,,,,,,,,,,,,,,,,,,,,,,,,,,,,,,,,,,,,,,,,,,,,,,,,1.35,0.27,1.08,,,,,,,,,,,,,,,,,,,,,,30.0,,,,,,,,,,,,,,,,,,,,,,,,,,,,,,,,,,,,,,,,,,,,,,,,,,,,,,,,,,,,,,,,,,145,,,,,,,,,,,,,,,,,,,,,,,,,,,,,,,,,,,,,,,,,,,,,,,,,,,,,,,,,,,,,,,,,,,,,,,,,,,,,,,,,,,,,,,,,,,,,,,,,,,,,,,,,,,,,,,,,,,,,,,
1,,数据个数,,,2,,2,2,2,2,2,2,2,2,2,2,2,2,,,,,,,2,2,2,,,,,,,,,,,,,1,,1,1,1,1,1,1,,,,,1,1,1,1,,,,,,,,,,,,,1,1,1,1,,,,,,,,,,,,,,,,1,1,,1,1,2,2,2,,,,,,,,,,,,,,,,1,1,,,1,1,2,,,,,,,,,,,,,,,,,,,,,,,,,,1,1,,,,,1,1,,,,,,,,,,,,,,,,,,,,,,,,,1,1,1,1,1,,1,1,2,1,,1,,,,,,1,1,1,1,,,,,,,,,,,,,,,,,,1,,1,1,,,,,,,,,,,,,,,1,,,,,,,,,,,,,,,,,,,,,,,,,,,,,,,,,,,,,,,,,,,,,,,,,,,,,,,,,,,,,,,,,,,,,,,
1,,平 均 值,,,23.3,,2.74,2.04,1.66,20.0,16.3,0.654,39.5,98,37.0,19.2,17.9,0.24,,,,,,,0.63,56.69,1.93,,,,,,,,,,,,,2.0,,3.0,3.0,4.0,7.0,5.0,7.0,,,,,6.0,7.0,7.0,7.0,,,,,,,,,,,,,0.528,0.515,0.488,0.380,,,,,,,,,,,,,,,,2.71,1.49,,0.26,0.40,0.73,0.27,0.73,,,,,,,,,,,,,,,,0.6,1.1,,,6.4,4.2,15.6,,,,,,,,,,,,,,,,,,,,,,,,,,76.3,13.4,,,,,95.0,7.6,,,,,,,,,,,,,,,,,,,,,,,,,23.5,22.8,235,0.350,0.216,,1.23E+03,4.32E+03,73,235,,2.7,,,,,,39.0,0.37,0.26,21,,,,,,,,,,,,,,,,,,0.342,,0.567,235,,,,,,,,,,,,,,,0.437,,,,,,,,,,,,,,,,,,,,,,,,,,,,,,,,,,,,,,,,,,,,,,,,,,,,,,,,,,,,,,,,,,,,,,,
1,,标 准 差,,,0.6,,0.01,0.01,0.02,0.1,0.2,0.015,0.6,,1.6,0.4,1.2,0.06,,,,,,,0.04,3.66,0.04,,,,,,,,,,,,,,,,,,,,,,,,,,,,,,,,,,,,,,,,,,,,,,,,,,,,,,,,,,,,,,,,,0.88,0.01,0.49,,,,,,,,,,,,,,,,,,,,,,20.4,,,,,,,,,,,,,,,,,,,,,,,,,,,,,,,,,,,,,,,,,,,,,,,,,,,,,,,,,,,,,,,,,,102,,,,,,,,,,,,,,,,,,,,,,,,,,,,,,,,,,,,,,,,,,,,,,,,,,,,,,,,,,,,,,,,,,,,,,,,,,,,,,,,,,,,,,,,,,,,,,,,,,,,,,,,,,,,,,,,,,,,,,,
1,,变异系数,,,0.02,,0.00,0.01,0.01,0.01,0.01,0.02,0.01,,0.04,0.02,0.07,0.27,,,,,,,0.07,0.06,0.02,,,,,,,,,,,,,,,,,,,,,,,,,,,,,,,,,,,,,,,,,,,,,,,,,,,,,,,,,,,,,,,,,1.22,0.03,0.68,,,,,,,,,,,,,,,,,,,,,,1.31,,,,,,,,,,,,,,,,,,,,,,,,,,,,,,,,,,,,,,,,,,,,,,,,,,,,,,,,,,,,,,,,,,1.39,,,,,,,,,,,,,,,,,,,,,,,,,,,,,,,,,,,,,,,,,,,,,,,,,,,,,,,,,,,,,,,,,,,,,,,,,,,,,,,,,,,,,,,,,,,,,,,,,,,,,,,,,,,,,,,,,,,,,,,
1,,小值平均值,,,22.9,,2.73,2.03,1.64,19.9,16.1,0.643,39.1,,35.9,18.9,17.0,0.19,,,,,,,0.60,54.10,1.90,,,,,,,,,,,,,,,,,,,,,,,,,,,,,,,,,,,,,,,,,,,,,,,,,,,,,,,,,,,,,,,,,0.10,0.26,0.38,,,,,,,,,,,,,,,,,,,,,,1.2,,,,,,,,,,,,,,,,,,,,,,,,,,,,,,,,,,,,,,,,,,,,,,,,,,,,,,,,,,,,,,,,,,1,,,,,,,,,,,,,,,,,,,,,,,,,,,,,,,,,,,,,,,,,,,,,,,,,,,,,,,,,,,,,,,,,,,,,,,,,,,,,,,,,,,,,,,,,,,,,,,,,,,,,,,,,,,,,,,,,,,,,,,
1,,大值平均值,,,23.7,,2.74,2.05,1.67,20.1,16.4,0.664,39.9,,38.1,19.4,18.7,0.28,,,,,,,0.66,59.28,1.96,,,,,,,,,,,,,,,,,,,,,,,,,,,,,,,,,,,,,,,,,,,,,,,,,,,,,,,,,,,,,,,,,1.35,0.27,1.08,,,,,,,,,,,,,,,,,,,,,,30.0,,,,,,,,,,,,,,,,,,,,,,,,,,,,,,,,,,,,,,,,,,,,,,,,,,,,,,,,,,,,,,,,,,145,,,,,,,,,,,,,,,,,,,,,,,,,,,,,,,,,,,,,,,,,,,,,,,,,,,,,,,,,,,,,,,,,,,,,,,,,,,,,,,,,,,,,,,,,,,,,,,,,,,,,,,,,,,,,,,,,,,,,,,
1,,统计修正系数,,,,,,,,,,,,,,,,,,,,,,,,,,,,,,,,,,,,,,,,,,,,,,,,,,,,,,,,,,,,,,,,,,,,,,,,,,,,,,,,,,,,,,,,,,,,,,,,,,,,,,,,,,,,,,,,,,,,,,,,,,,,,,,,,,,,,,,,,,,,,,,,,,,,,,,,,,,,,,,,,,,,,,,,,,,,,,,,,,,,,,,,,,,,,,,,,,,,,,,,,,,,,,,,,,,,,,,,,,,,,,,,,,,,,,,,,,,,,,,,,,,,,,,,,,,,,,,,,,,,,,,,,,,,,,,,,,,,,,,,,,,,,,,,,,,,,,,,,,,
1,,标 准 值,,,,,,,,,,,,,,,,,,,,,,,,,,,,,,,,,,,,,,,,,,,,,,,,,,,,,,,,,,,,,,,,,,,,,,,,,,,,,,,,,,,,,,,,,,,,,,,,,,,,,,,,,,,,,,,,,,,,,,,,,,,,,,,,,,,,,,,,,,,,,,,,,,,,,,,,,,,,,,,,,,,,,,,,,,,,,,,,,,,,,,,,,,,,,,,,,,,,,,,,,,,,,,,,,,,,,,,,,,,,,,,,,,,,,,,,,,,,,,,,,,,,,,,,,,,,,,,,,,,,,,,,,,,,,,,,,,,,,,,,,,,,,,,,,,,,,,,,,,,
1,,建 议 值,,,23.3,,2.74,2.04,1.66,20.0,16.3,0.654,39.5,98,37.0,19.2,17.9,0.24,,,,,,,0.63,56.69,1.93,,,,,,,,,,,,,,,,,,,,,,,,,,,,,,,,,,,,,,,,,,,,,,,,,,,,,,,,,,,,,,,,,0.73,0.27,0.73,,,,,,,,,,,,,,,,,,,,,,15.6,,,,,,,,,,,,,,,,,,,,,,,,,,,,,,,,,,,,,,,,,,,,,,,,,,,,,,,,,,,,,,,,,,73,,,,,,,,,,,,,,,,,,,,,,,,,,,,,,,,,,,,,,,,,,,,,,,,,,,,,,,,,,,,,,,,,,,,,,,,,,,,,,,,,,,,,,,,,,,,,,,,,,,,,,,,,,,,,,,,,,,,,,,
2,,最 小 值,,,18.4,,2.70,1.95,1.56,19.1,15.3,0.515,36.3,80,27.8,15.7,10.4,0.07,,,,,,,0.64,43.40,1.53,,,,,,,,,,,,,,,,,,,,,,,,,,,,,,,,,,,,,,,,,,,,,,,,,,,,,,,,,,,,,,,,,0.08,,,,,,,,,,,,,,,,,,,,,,,,8.9,,,,,,,,,,,,,,,,,,,,,,,,,,21.4,14.5,,,,,,,,,,,,,,,,,,,,,,,,,,,,,,,,,,,,,,,,,,,,,,,,,,,,,,,,,,,,,,,,,,,,,,,,,,,,,,,,,,,,,,,,,,,,,,,,,,,,,,,,,,,,,,,,,,,,,,,,,,,,,,,,,,,,,,,,,,,,,,,,,,,,,,,,,,,,,,
2,,最 大 值,,,25.0,,2.73,2.11,1.73,20.7,16.9,0.750,42.9,100,33.5,20.4,15.0,0.35,,,,,,,0.76,54.75,1.85,,,,,,,,,,,,,,,,,,,,,,,,,,,,,,,,,,,,,,,,,,,,,,,,,,,,,,,,,,,,,,,,,0.18,,,,,,,,,,,,,,,,,,,,,,,,20.4,,,,,,,,,,,,,,,,,,,,,,,,,,62.1,27.4,,,,,,,,,,,,,,,,,,,,,,,,,,,,,,,,,,,,,,,,,,,,,,,,,,,,,,,,,,,,,,,,,,,,,,,,,,,,,,,,,,,,,,,,,,,,,,,,,,,,,,,,,,,,,,,,,,,,,,,,,,,,,,,,,,,,,,,,,,,,,,,,,,,,,,,,,,,,,,
2,,数据个数,,,16,,16,16,15,16,15,16,15,16,16,16,16,15,,,,,,,15,16,16,,,,,,,,,,,,,,,,,,,,,,,,,,,,,,,,,,,,,,,,,,,,,,,,,,,,,,,,,,,,,,,,,14,,,,,,,,,,,,,,,,,,,,,,,,14,,,,,,,,,,,,,,,,,,,,,,,,,,14,14,,,,,,,,,,,,,,,,,,,,,,,,,,,,,,,,,,,,,,,,,,,,,,,,,,,,,,,,,,,,,,,,,,,,,,,,,,,,,,,,,,,,,,,,,,,,,,,,,,,,,,,,,,,,,,,,,,,,,,,,,,,,,,,,,,,,,,,,,,,,,,,,,,,,,,,,,,,,,,
2,,平 均 值,,,21.5,,2.71,2.01,1.65,19.7,16.2,0.638,39.2,92,30.7,18.0,12.7,0.25,,,,,,,0.69,48.31,1.71,,,,,,,,,,,,,,,,,,,,,,,,,,,,,,,,,,,,,,,,,,,,,,,,,,,,,,,,,,,,,,,,,0.13,,,,,,,,,,,,,,,,,,,,,,,,14.2,,,,,,,,,,,,,,,,,,,,,,,,,,43.9,22.1,,,,,,,,,,,,,,,,,,,,,,,,,,,,,,,,,,,,,,,,,,,,,,,,,,,,,,,,,,,,,,,,,,,,,,,,,,,,,,,,,,,,,,,,,,,,,,,,,,,,,,,,,,,,,,,,,,,,,,,,,,,,,,,,,,,,,,,,,,,,,,,,,,,,,,,,,,,,,,
2,,标 准 差,,,1.7,,0.01,0.05,0.04,0.5,0.4,0.052,1.5,6,1.9,1.4,1.2,0.08,,,,,,,0.03,3.46,0.08,,,,,,,,,,,,,,,,,,,,,,,,,,,,,,,,,,,,,,,,,,,,,,,,,,,,,,,,,,,,,,,,,0.03,,,,,,,,,,,,,,,,,,,,,,,,3.6,,,,,,,,,,,,,,,,,,,,,,,,,,13.2,3.8,,,,,,,,,,,,,,,,,,,,,,,,,,,,,,,,,,,,,,,,,,,,,,,,,,,,,,,,,,,,,,,,,,,,,,,,,,,,,,,,,,,,,,,,,,,,,,,,,,,,,,,,,,,,,,,,,,,,,,,,,,,,,,,,,,,,,,,,,,,,,,,,,,,,,,,,,,,,,,
2,,变异系数,,,0.08,,0.00,0.02,0.02,0.02,0.02,0.08,0.04,0.06,0.06,0.08,0.10,0.33,,,,,,,0.05,0.07,0.05,,,,,,,,,,,,,,,,,,,,,,,,,,,,,,,,,,,,,,,,,,,,,,,,,,,,,,,,,,,,,,,,,0.27,,,,,,,,,,,,,,,,,,,,,,,,0.25,,,,,,,,,,,,,,,,,,,,,,,,,,0.30,0.17,,,,,,,,,,,,,,,,,,,,,,,,,,,,,,,,,,,,,,,,,,,,,,,,,,,,,,,,,,,,,,,,,,,,,,,,,,,,,,,,,,,,,,,,,,,,,,,,,,,,,,,,,,,,,,,,,,,,,,,,,,,,,,,,,,,,,,,,,,,,,,,,,,,,,,,,,,,,,,
2,,小值平均值,,,20.3,,2.71,1.98,1.61,19.4,15.8,0.600,38.4,88,29.1,17.0,11.6,0.16,,,,,,,0.67,46.36,1.62,,,,,,,,,,,,,,,,,,,,,,,,,,,,,,,,,,,,,,,,,,,,,,,,,,,,,,,,,,,,,,,,,0.10,,,,,,,,,,,,,,,,,,,,,,,,11.5,,,,,,,,,,,,,,,,,,,,,,,,,,31.8,18.7,,,,,,,,,,,,,,,,,,,,,,,,,,,,,,,,,,,,,,,,,,,,,,,,,,,,,,,,,,,,,,,,,,,,,,,,,,,,,,,,,,,,,,,,,,,,,,,,,,,,,,,,,,,,,,,,,,,,,,,,,,,,,,,,,,,,,,,,,,,,,,,,,,,,,,,,,,,,,,
2,,大值平均值,,,22.8,,2.72,2.06,1.67,20.2,16.4,0.667,40.8,97,32.3,19.2,13.6,0.30,,,,,,,0.73,52.62,1.76,,,,,,,,,,,,,,,,,,,,,,,,,,,,,,,,,,,,,,,,,,,,,,,,,,,,,,,,,,,,,,,,,0.17,,,,,,,,,,,,,,,,,,,,,,,,17.0,,,,,,,,,,,,,,,,,,,,,,,,,,53.0,24.6,,,,,,,,,,,,,,,,,,,,,,,,,,,,,,,,,,,,,,,,,,,,,,,,,,,,,,,,,,,,,,,,,,,,,,,,,,,,,,,,,,,,,,,,,,,,,,,,,,,,,,,,,,,,,,,,,,,,,,,,,,,,,,,,,,,,,,,,,,,,,,,,,,,,,,,,,,,,,,
2,,统计修正系数,,,1.036,,,0.990,0.989,0.990,0.990,1.036,,,,,,1.151,,,,,,,,,,,,,,,,,,,,,,,,,,,,,,,,,,,,,,,,,,,,,,,,,,,,,,,,,,,,,,,,,,,,,,,,,,1.131,,,,,,,,,,,,,,,,,,,,,,,,0.880,,,,,,,,,,,,,,,,,,,,,,,,,,0.856,0.917,,,,,,,,,,,,,,,,,,,,,,,,,,,,,,,,,,,,,,,,,,,,,,,,,,,,,,,,,,,,,,,,,,,,,,,,,,,,,,,,,,,,,,,,,,,,,,,,,,,,,,,,,,,,,,,,,,,,,,,,,,,,,,,,,,,,,,,,,,,,,,,,,,,,,,,,,,,,,,
2,,标 准 值,,,22.3,,,1.99,1.63,19.5,16.0,0.660,,,,,,0.29,,,,,,,,,,,,,,,,,,,,,,,,,,,,,,,,,,,,,,,,,,,,,,,,,,,,,,,,,,,,,,,,,,,,,,,,,,0.14,,,,,,,,,,,,,,,,,,,,,,,,12.5,,,,,,,,,,,,,,,,,,,,,,,,,,37.6,20.2,,,,,,,,,,,,,,,,,,,,,,,,,,,,,,,,,,,,,,,,,,,,,,,,,,,,,,,,,,,,,,,,,,,,,,,,,,,,,,,,,,,,,,,,,,,,,,,,,,,,,,,,,,,,,,,,,,,,,,,,,,,,,,,,,,,,,,,,,,,,,,,,,,,,,,,,,,,,,,
2,,建 议 值,,,21.5,,2.71,2.01,1.65,19.7,16.2,0.638,39.2,92,30.7,18.0,12.7,0.25,,,,,,,0.69,48.31,1.71,,,,,,,,,,,,,,,,,,,,,,,,,,,,,,,,,,,,,,,,,,,,,,,,,,,,,,,,,,,,,,,,,0.13,,,,,,,,,,,,,,,,,,,,,,,,14.2,,,,,,,,,,,,,,,,,,,,,,,,,,37.6,20.2,,,,,,,,,,,,,,,,,,,,,,,,,,,,,,,,,,,,,,,,,,,,,,,,,,,,,,,,,,,,,,,,,,,,,,,,,,,,,,,,,,,,,,,,,,,,,,,,,,,,,,,,,,,,,,,,,,,,,,,,,,,,,,,,,,,,,,,,,,,,,,,,,,,,,,,,,,,,,,
2-1,,最 小 值,,,,,,,,,,,,,,,,,,,,,,,,,,,,,,,,,,,,,,,,,,,,,,,,,,,,,,,,,,,,,,,,,,,,,,,,,,,,,,,,,,,,,,,,,,,,,,,,,,,,,,,,,,,,,,,,,,,,,,,,,,,,,,,,,,,,,,,,,,,,,,,,,,,,,,,,,,,,,,,,,,,,,,,,,,,,,,,,,,,,,,,,,,,,,,,,,,,,,,,,,,,,,,,,,,,,,,,,,,,,,,,,,,,,,,,,,,,,,,,,,,,,,,,,,,,,,,,,,,,,,,,,,,,,,,,,,,,,,,,,,,,,,,,,,,,,,,,,,,,
2-1,,最 大 值,,,,,,,,,,,,,,,,,,,,,,,,,,,,,,,,,,,,,,,,,,,,,,,,,,,,,,,,,,,,,,,,,,,,,,,,,,,,,,,,,,,,,,,,,,,,,,,,,,,,,,,,,,,,,,,,,,,,,,,,,,,,,,,,,,,,,,,,,,,,,,,,,,,,,,,,,,,,,,,,,,,,,,,,,,,,,,,,,,,,,,,,,,,,,,,,,,,,,,,,,,,,,,,,,,,,,,,,,,,,,,,,,,,,,,,,,,,,,,,,,,,,,,,,,,,,,,,,,,,,,,,,,,,,,,,,,,,,,,,,,,,,,,,,,,,,,,,,,,,
2-1,,数据个数,,,1,,1,1,1,1,1,1,1,1,1,1,1,1,,,,,,,1,1,1,,,,,,,,,,,,,,,,,,,,,,,,,,,,,,,,,,,,,,,,,,,,,,,,,,,,,,,,,,,,,,,,,1,,,,,,,,,,,,,,,,,,,,,,,,1,,,,,,,,,,,,,,,,,,,,,,,,,,1,1,,,,,,,,,,,,,,,,,,,,,,,,,,,,,,,,,,,,,,,,,,,,,,,,,,,,,,,,,,,,,,,,,,,,,,,,,,,,,,,,,,,,,,,,,,,,,,,,,,,,,,,,,,,,,,,,,,,,,,,,,,,,,,,,,,,,,,,,,,,,,,,,,,,,,,,,,,,,,,
2-1,,平 均 值,,,22.7,,2.70,2.00,1.63,19.6,16.0,0.656,39.6,93,29.1,19.0,10.1,0.37,,,,,,,0.78,44.33,1.53,,,,,,,,,,,,,,,,,,,,,,,,,,,,,,,,,,,,,,,,,,,,,,,,,,,,,,,,,,,,,,,,,0.10,,,,,,,,,,,,,,,,,,,,,,,,17.0,,,,,,,,,,,,,,,,,,,,,,,,,,29.4,20.9,,,,,,,,,,,,,,,,,,,,,,,,,,,,,,,,,,,,,,,,,,,,,,,,,,,,,,,,,,,,,,,,,,,,,,,,,,,,,,,,,,,,,,,,,,,,,,,,,,,,,,,,,,,,,,,,,,,,,,,,,,,,,,,,,,,,,,,,,,,,,,,,,,,,,,,,,,,,,,
2-1,,标 准 差,,,,,,,,,,,,,,,,,,,,,,,,,,,,,,,,,,,,,,,,,,,,,,,,,,,,,,,,,,,,,,,,,,,,,,,,,,,,,,,,,,,,,,,,,,,,,,,,,,,,,,,,,,,,,,,,,,,,,,,,,,,,,,,,,,,,,,,,,,,,,,,,,,,,,,,,,,,,,,,,,,,,,,,,,,,,,,,,,,,,,,,,,,,,,,,,,,,,,,,,,,,,,,,,,,,,,,,,,,,,,,,,,,,,,,,,,,,,,,,,,,,,,,,,,,,,,,,,,,,,,,,,,,,,,,,,,,,,,,,,,,,,,,,,,,,,,,,,,,,
2-1,,变异系数,,,,,,,,,,,,,,,,,,,,,,,,,,,,,,,,,,,,,,,,,,,,,,,,,,,,,,,,,,,,,,,,,,,,,,,,,,,,,,,,,,,,,,,,,,,,,,,,,,,,,,,,,,,,,,,,,,,,,,,,,,,,,,,,,,,,,,,,,,,,,,,,,,,,,,,,,,,,,,,,,,,,,,,,,,,,,,,,,,,,,,,,,,,,,,,,,,,,,,,,,,,,,,,,,,,,,,,,,,,,,,,,,,,,,,,,,,,,,,,,,,,,,,,,,,,,,,,,,,,,,,,,,,,,,,,,,,,,,,,,,,,,,,,,,,,,,,,,,,,
2-1,,小值平均值,,,,,,,,,,,,,,,,,,,,,,,,,,,,,,,,,,,,,,,,,,,,,,,,,,,,,,,,,,,,,,,,,,,,,,,,,,,,,,,,,,,,,,,,,,,,,,,,,,,,,,,,,,,,,,,,,,,,,,,,,,,,,,,,,,,,,,,,,,,,,,,,,,,,,,,,,,,,,,,,,,,,,,,,,,,,,,,,,,,,,,,,,,,,,,,,,,,,,,,,,,,,,,,,,,,,,,,,,,,,,,,,,,,,,,,,,,,,,,,,,,,,,,,,,,,,,,,,,,,,,,,,,,,,,,,,,,,,,,,,,,,,,,,,,,,,,,,,,,,
2-1,,大值平均值,,,,,,,,,,,,,,,,,,,,,,,,,,,,,,,,,,,,,,,,,,,,,,,,,,,,,,,,,,,,,,,,,,,,,,,,,,,,,,,,,,,,,,,,,,,,,,,,,,,,,,,,,,,,,,,,,,,,,,,,,,,,,,,,,,,,,,,,,,,,,,,,,,,,,,,,,,,,,,,,,,,,,,,,,,,,,,,,,,,,,,,,,,,,,,,,,,,,,,,,,,,,,,,,,,,,,,,,,,,,,,,,,,,,,,,,,,,,,,,,,,,,,,,,,,,,,,,,,,,,,,,,,,,,,,,,,,,,,,,,,,,,,,,,,,,,,,,,,,,
2-1,,统计修正系数,,,,,,,,,,,,,,,,,,,,,,,,,,,,,,,,,,,,,,,,,,,,,,,,,,,,,,,,,,,,,,,,,,,,,,,,,,,,,,,,,,,,,,,,,,,,,,,,,,,,,,,,,,,,,,,,,,,,,,,,,,,,,,,,,,,,,,,,,,,,,,,,,,,,,,,,,,,,,,,,,,,,,,,,,,,,,,,,,,,,,,,,,,,,,,,,,,,,,,,,,,,,,,,,,,,,,,,,,,,,,,,,,,,,,,,,,,,,,,,,,,,,,,,,,,,,,,,,,,,,,,,,,,,,,,,,,,,,,,,,,,,,,,,,,,,,,,,,,,,
2-1,,标 准 值,,,,,,,,,,,,,,,,,,,,,,,,,,,,,,,,,,,,,,,,,,,,,,,,,,,,,,,,,,,,,,,,,,,,,,,,,,,,,,,,,,,,,,,,,,,,,,,,,,,,,,,,,,,,,,,,,,,,,,,,,,,,,,,,,,,,,,,,,,,,,,,,,,,,,,,,,,,,,,,,,,,,,,,,,,,,,,,,,,,,,,,,,,,,,,,,,,,,,,,,,,,,,,,,,,,,,,,,,,,,,,,,,,,,,,,,,,,,,,,,,,,,,,,,,,,,,,,,,,,,,,,,,,,,,,,,,,,,,,,,,,,,,,,,,,,,,,,,,,,
2-1,,建 议 值,,,,,,,,,,,,,,,,,,,,,,,,,,,,,,,,,,,,,,,,,,,,,,,,,,,,,,,,,,,,,,,,,,,,,,,,,,,,,,,,,,,,,,,,,,,,,,,,,,,,,,,,,,,,,,,,,,,,,,,,,,,,,,,,,,,,,,,,,,,,,,,,,,,,,,,,,,,,,,,,,,,,,,,,,,,,,,,,,,,,,,,,,,,,,,,,,,,,,,,,,,,,,,,,,,,,,,,,,,,,,,,,,,,,,,,,,,,,,,,,,,,,,,,,,,,,,,,,,,,,,,,,,,,,,,,,,,,,,,,,,,,,,,,,,,,,,,,,,,,
3,,最 小 值,,,20.8,,2.72,1.97,1.56,19.3,15.3,0.619,38.2,89,30.9,16.7,13.5,0.25,,,,,,,0.63,47.76,1.73,,,,,,,,,,,,,,,,,,,,,,,,,,,,,,,,,,,,,,,,,,,,,,,,,,,,,,,,,,,,,,,,,0.11,,,,,,,,,,,,,,,,,,,,,,,,3.8,,,,,,,,,,,,,,,,,,,,,,,,,,25.6,11.7,,,,,,,,,,,,,,,,,,,,,,,,,,,,,,,,,,,,,,,,,,,,,,,,35.0,0.31,0.26,2,,,,,,,,,,,,,,,,,,,,,,,,,,,,,,,,,,,,,,,,,,,,,,,,,,,,,,,,,,,,,,,,,,,,,,,,,,,,,,,,,,,,,,,,,,,,,,,,,,,,,,,,,,,
3,,最 大 值,,,26.5,,2.74,2.05,1.68,20.1,16.5,0.753,43.0,100,40.8,21.0,19.9,0.46,,,,,,,0.71,54.97,2.09,,,,,,,,,,,,,,,,,,,,,,,,,,,,,,,,,,,,,,,,,,,,,,,,,,,,,,,,,,,,,,,,,0.24,,,,,,,,,,,,,,,,,,,,,,,,15.6,,,,,,,,,,,,,,,,,,,,,,,,,,60.1,26.5,,,,,,,,,,,,,,,,,,,,,,,,,,,,,,,,,,,,,,,,,,,,,,,,51.0,0.42,0.60,15,,,,,,,,,,,,,,,,,,,,,,,,,,,,,,,,,,,,,,,,,,,,,,,,,,,,,,,,,,,,,,,,,,,,,,,,,,,,,,,,,,,,,,,,,,,,,,,,,,,,,,,,,,,
3,,数据个数,,,12,,12,12,12,12,12,12,12,12,12,12,12,12,,,,,,,11,12,12,,,,,,,,,,,,,,,,,,,,,,,,,,,,,,,,,,,,,,,,,1,1,1,1,,,,,,,,,,,,,,,,1,1,,1,1,10,1,1,,,,,,,,,,,,,,,,1,1,,,1,1,11,,,,,,,,,,,,,,,,,,,,,,,,,,12,12,,,,,,,,,,,,,,,,,,,,,,,,,,,,,,,,,,,,,,,,,,,,,,,,3,3,3,3,,,,,,,,,,,,,,,,,,,,,,,,,,,,,,,,,,,,,,,,,,,,,,,,,,,,,,,,,,,,,,,,,,,,,,,,,,,,,,,,,,,,,,,,,,,,,,,,,,,,,,,,,,,
3,,平 均 值,,,24.3,,2.73,2.00,1.61,19.6,15.8,0.697,41.0,95,35.7,19.0,16.7,0.32,,,,,,,0.67,51.12,1.88,,,,,,,,,,,,,,,,,,,,,,,,,,,,,,,,,,,,,,,,,0.936,0.930,0.916,0.887,,,,,,,,,,,,,,,,-5.78,-2.83,,0.12,0.20,0.17,0.14,0.29,,,,,,,,,,,,,,,,-0.3,-0.6,,,13.7,8.2,10.0,,,,,,,,,,,,,,,,,,,,,,,,,,41.2,16.3,,,,,,,,,,,,,,,,,,,,,,,,,,,,,,,,,,,,,,,,,,,,,,,,41.0,0.36,0.39,9,,,,,,,,,,,,,,,,,,,,,,,,,,,,,,,,,,,,,,,,,,,,,,,,,,,,,,,,,,,,,,,,,,,,,,,,,,,,,,,,,,,,,,,,,,,,,,,,,,,,,,,,,,,
3,,标 准 差,,,2.1,,0.01,0.03,0.04,0.3,0.4,0.050,1.8,3,3.6,1.4,2.5,0.06,,,,,,,0.02,2.38,0.10,,,,,,,,,,,,,,,,,,,,,,,,,,,,,,,,,,,,,,,,,,,,,,,,,,,,,,,,,,,,,,,,,0.04,,,,,,,,,,,,,,,,,,,,,,,,3.3,,,,,,,,,,,,,,,,,,,,,,,,,,10.9,5.1,,,,,,,,,,,,,,,,,,,,,,,,,,,,,,,,,,,,,,,,,,,,,,,,8.7,0.06,0.18,7,,,,,,,,,,,,,,,,,,,,,,,,,,,,,,,,,,,,,,,,,,,,,,,,,,,,,,,,,,,,,,,,,,,,,,,,,,,,,,,,,,,,,,,,,,,,,,,,,,,,,,,,,,,
3,,变异系数,,,0.09,,0.00,0.01,0.03,0.01,0.03,0.07,0.04,0.03,0.10,0.07,0.15,0.20,,,,,,,0.03,0.05,0.06,,,,,,,,,,,,,,,,,,,,,,,,,,,,,,,,,,,,,,,,,,,,,,,,,,,,,,,,,,,,,,,,,0.25,,,,,,,,,,,,,,,,,,,,,,,,0.32,,,,,,,,,,,,,,,,,,,,,,,,,,0.26,0.31,,,,,,,,,,,,,,,,,,,,,,,,,,,,,,,,,,,,,,,,,,,,,,,,0.21,0.15,0.47,0.75,,,,,,,,,,,,,,,,,,,,,,,,,,,,,,,,,,,,,,,,,,,,,,,,,,,,,,,,,,,,,,,,,,,,,,,,,,,,,,,,,,,,,,,,,,,,,,,,,,,,,,,,,,,
3,,小值平均值,,,21.5,,2.72,1.98,1.57,19.4,15.4,0.646,39.2,91,31.8,17.7,14.0,0.28,,,,,,,0.66,49.18,1.80,,,,,,,,,,,,,,,,,,,,,,,,,,,,,,,,,,,,,,,,,,,,,,,,,,,,,,,,,,,,,,,,,0.14,,,,,,,,,,,,,,,,,,,,,,,,7.2,,,,,,,,,,,,,,,,,,,,,,,,,,31.0,13.8,,,,,,,,,,,,,,,,,,,,,,,,,,,,,,,,,,,,,,,,,,,,,,,,36.0,0.33,0.29,2,,,,,,,,,,,,,,,,,,,,,,,,,,,,,,,,,,,,,,,,,,,,,,,,,,,,,,,,,,,,,,,,,,,,,,,,,,,,,,,,,,,,,,,,,,,,,,,,,,,,,,,,,,,
3,,大值平均值,,,25.6,,2.73,2.02,1.65,19.8,16.2,0.733,42.3,97,38.4,19.9,18.6,0.37,,,,,,,0.69,53.06,1.96,,,,,,,,,,,,,,,,,,,,,,,,,,,,,,,,,,,,,,,,,,,,,,,,,,,,,,,,,,,,,,,,,0.22,,,,,,,,,,,,,,,,,,,,,,,,12.4,,,,,,,,,,,,,,,,,,,,,,,,,,48.5,23.7,,,,,,,,,,,,,,,,,,,,,,,,,,,,,,,,,,,,,,,,,,,,,,,,51.0,0.42,0.60,12,,,,,,,,,,,,,,,,,,,,,,,,,,,,,,,,,,,,,,,,,,,,,,,,,,,,,,,,,,,,,,,,,,,,,,,,,,,,,,,,,,,,,,,,,,,,,,,,,,,,,,,,,,,
3,,统计修正系数,,,1.046,,,0.993,0.986,0.993,0.986,1.038,,,,,,1.103,,,,,,,,,,,,,,,,,,,,,,,,,,,,,,,,,,,,,,,,,,,,,,,,,,,,,,,,,,,,,,,,,,,,,,,,,,1.145,,,,,,,,,,,,,,,,,,,,,,,,0.821,,,,,,,,,,,,,,,,,,,,,,,,,,0.862,0.836,,,,,,,,,,,,,,,,,,,,,,,,,,,,,,,,,,,,,,,,,,,,,,,,,,,,,,,,,,,,,,,,,,,,,,,,,,,,,,,,,,,,,,,,,,,,,,,,,,,,,,,,,,,,,,,,,,,,,,,,,,,,,,,,,,,,,,,,,,,,,,,,,,,,,,,,,,,,,,
3,,标 准 值,,,25.4,,,1.99,1.59,19.5,15.6,0.723,,,,,,0.35,,,,,,,,,,,,,,,,,,,,,,,,,,,,,,,,,,,,,,,,,,,,,,,,,,,,,,,,,,,,,,,,,,,,,,,,,,0.19,,,,,,,,,,,,,,,,,,,,,,,,8.2,,,,,,,,,,,,,,,,,,,,,,,,,,35.5,13.6,,,,,,,,,,,,,,,,,,,,,,,,,,,,,,,,,,,,,,,,,,,,,,,,,,,,,,,,,,,,,,,,,,,,,,,,,,,,,,,,,,,,,,,,,,,,,,,,,,,,,,,,,,,,,,,,,,,,,,,,,,,,,,,,,,,,,,,,,,,,,,,,,,,,,,,,,,,,,,
3,,建 议 值,,,24.3,,2.73,2.00,1.61,19.6,15.8,0.697,41.0,95,35.7,19.0,16.7,0.32,,,,,,,0.67,51.12,1.88,,,,,,,,,,,,,,,,,,,,,,,,,,,,,,,,,,,,,,,,,,,,,,,,,,,,,,,,,,,,,,,,,0.17,,,,,,,,,,,,,,,,,,,,,,,,10.0,,,,,,,,,,,,,,,,,,,,,,,,,,35.5,13.6,,,,,,,,,,,,,,,,,,,,,,,,,,,,,,,,,,,,,,,,,,,,,,,,41.0,0.36,0.39,9,,,,,,,,,,,,,,,,,,,,,,,,,,,,,,,,,,,,,,,,,,,,,,,,,,,,,,,,,,,,,,,,,,,,,,,,,,,,,,,,,,,,,,,,,,,,,,,,,,,,,,,,,,,
4,,最 小 值,,,19.0,,2.70,1.98,1.60,19.4,15.7,0.580,36.7,85,26.3,14.8,10.9,0.13,,,,,,,0.60,41.23,1.62,,,,,,,,,,,,,,,,,,,,,,,,,,,,,,,,,,,,,,,,,,,,,,,,,,,,,,,,,,,,,,,,,0.13,,,,,,,,,,,,,,,,,,,,,,,,7.6,,,,,,,,,,,,,,,,,,,,,,,,,,9.3,9.3,,,,,20.0,7.6,,,,,,,,,,,,,,,,,,,,,,,,,,,,,,,,,101,,,,,,,,,33.0,0.42,0.13,5,,,,,,,,,,,,,,,,,,,,,,,,,,,,,,,,,,,,,,,,,,,,,,,,,,,,,,,,,,,,,,,,,,,,,,,,,,,,,,,,,,,,,,,,,,,,,,,,,,,,,,,,,,,
4,,最 大 值,,,24.1,,2.73,2.08,1.71,20.4,16.8,0.705,41.3,99,32.9,19.3,16.2,0.74,,,,,,,0.89,52.97,1.85,,,,,,,,,,,,,,,,,,,,,,,,,,,,,,,,,,,,,,,,,,,,,,,,,,,,,,,,,,,,,,,,,0.23,,,,,,,,,,,,,,,,,,,,,,,,12.5,,,,,,,,,,,,,,,,,,,,,,,,,,56.9,29.6,,,,,60.0,12.7,,,,,,,,,,,,,,,,,,,,,,,,,,,,,,,,,135,,,,,,,,,58.0,0.81,0.25,15,,,,,,,,,,,,,,,,,,,,,,,,,,,,,,,,,,,,,,,,,,,,,,,,,,,,,,,,,,,,,,,,,,,,,,,,,,,,,,,,,,,,,,,,,,,,,,,,,,,,,,,,,,,
4,,数据个数,,,17,,17,17,17,17,17,17,17,17,17,17,17,17,,,,,,,17,17,16,,,,,,,,,,,,,,,,,,,,,,,,,,,,,,,,,,,,,,,,,,,,,,,,,,,,,,,,,,,,,,,,,9,,,,,,,,,,,,,,,,,,,,,,,,9,,,,,,,,,,,,,,,,,,,,,,,,,,12,12,,,,,5,5,,,,,,,,,,,,,,,,,,,,,,,,,,,,,,,,,3,,,,,,,,,5,5,5,4,,,,,,,,,,,,,,,,,,,,,,,,,,,,,,,,,,,,,,,,,,,,,,,,,,,,,,,,,,,,,,,,,,,,,,,,,,,,,,,,,,,,,,,,,,,,,,,,,,,,,,,,,,,
4,,平 均 值,,,22.0,,2.71,2.03,1.66,19.9,16.3,0.633,38.7,94,30.1,17.0,13.1,0.39,,,,,,,0.73,47.69,1.75,,,,,,,,,,,,,,,,,,,,,,,,,,,,,,,,,,,,,,,,,,,,,,,,,,,,,,,,,,,,,,,,,0.19,,,,,,,,,,,,,,,,,,,,,,,,9.2,,,,,,,,,,,,,,,,,,,,,,,,,,32.8,20.4,,,,,43.2,9.9,,,,,,,,,,,,,,,,,,,,,,,,,,,,,,,,,121,,,,,,,,,48.0,0.60,0.20,9,,,,,,,,,,,,,,,,,,,,,,,,,,,,,,,,,,,,,,,,,,,,,,,,,,,,,,,,,,,,,,,,,,,,,,,,,,,,,,,,,,,,,,,,,,,,,,,,,,,,,,,,,,,
4,,标 准 差,,,1.5,,0.01,0.03,0.03,0.3,0.3,0.035,1.3,5,1.9,1.3,1.3,0.15,,,,,,,0.07,3.25,0.07,,,,,,,,,,,,,,,,,,,,,,,,,,,,,,,,,,,,,,,,,,,,,,,,,,,,,,,,,,,,,,,,,0.04,,,,,,,,,,,,,,,,,,,,,,,,2.0,,,,,,,,,,,,,,,,,,,,,,,,,,15.1,7.4,,,,,16.1,2.2,,,,,,,,,,,,,,,,,,,,,,,,,,,,,,,,,18,,,,,,,,,9.8,0.17,0.05,5,,,,,,,,,,,,,,,,,,,,,,,,,,,,,,,,,,,,,,,,,,,,,,,,,,,,,,,,,,,,,,,,,,,,,,,,,,,,,,,,,,,,,,,,,,,,,,,,,,,,,,,,,,,
4,,变异系数,,,0.07,,0.00,0.01,0.02,0.02,0.02,0.06,0.03,0.05,0.06,0.08,0.10,0.39,,,,,,,0.10,0.07,0.04,,,,,,,,,,,,,,,,,,,,,,,,,,,,,,,,,,,,,,,,,,,,,,,,,,,,,,,,,,,,,,,,,0.22,,,,,,,,,,,,,,,,,,,,,,,,0.22,,,,,,,,,,,,,,,,,,,,,,,,,,0.46,0.36,,,,,0.37,0.23,,,,,,,,,,,,,,,,,,,,,,,,,,,,,,,,,0.15,,,,,,,,,0.20,0.28,0.23,0.51,,,,,,,,,,,,,,,,,,,,,,,,,,,,,,,,,,,,,,,,,,,,,,,,,,,,,,,,,,,,,,,,,,,,,,,,,,,,,,,,,,,,,,,,,,,,,,,,,,,,,,,,,,,
4,,小值平均值,,,20.6,,2.71,2.00,1.64,19.6,16.1,0.605,37.7,89,28.4,16.1,12.1,0.28,,,,,,,0.69,45.22,1.65,,,,,,,,,,,,,,,,,,,,,,,,,,,,,,,,,,,,,,,,,,,,,,,,,,,,,,,,,,,,,,,,,0.14,,,,,,,,,,,,,,,,,,,,,,,,7.9,,,,,,,,,,,,,,,,,,,,,,,,,,17.2,12.7,,,,,33.0,8.4,,,,,,,,,,,,,,,,,,,,,,,,,,,,,,,,,101,,,,,,,,,38.5,0.48,0.16,6,,,,,,,,,,,,,,,,,,,,,,,,,,,,,,,,,,,,,,,,,,,,,,,,,,,,,,,,,,,,,,,,,,,,,,,,,,,,,,,,,,,,,,,,,,,,,,,,,,,,,,,,,,,
4,,大值平均值,,,23.0,,2.72,2.05,1.69,20.1,16.6,0.663,39.8,97,31.6,18.4,14.1,0.51,,,,,,,0.79,50.45,1.79,,,,,,,,,,,,,,,,,,,,,,,,,,,,,,,,,,,,,,,,,,,,,,,,,,,,,,,,,,,,,,,,,0.21,,,,,,,,,,,,,,,,,,,,,,,,11.9,,,,,,,,,,,,,,,,,,,,,,,,,,44.0,25.8,,,,,58.5,12.3,,,,,,,,,,,,,,,,,,,,,,,,,,,,,,,,,131,,,,,,,,,54.3,0.78,0.23,12,,,,,,,,,,,,,,,,,,,,,,,,,,,,,,,,,,,,,,,,,,,,,,,,,,,,,,,,,,,,,,,,,,,,,,,,,,,,,,,,,,,,,,,,,,,,,,,,,,,,,,,,,,,
4,,统计修正系数,,,1.029,,,0.994,0.991,0.993,0.991,1.024,,,,,,1.169,,,,,,,,,,,,,,,,,,,,,,,,,,,,,,,,,,,,,,,,,,,,,,,,,,,,,,,,,,,,,,,,,,,,,,,,,,1.135,,,,,,,,,,,,,,,,,,,,,,,,0.864,,,,,,,,,,,,,,,,,,,,,,,,,,0.759,0.809,,,,,0.646,0.786,,,,,,,,,,,,,,,,,,,,,,,,,,,,,,,,,,,,,,,,,,,1.266,1.216,,,,,,,,,,,,,,,,,,,,,,,,,,,,,,,,,,,,,,,,,,,,,,,,,,,,,,,,,,,,,,,,,,,,,,,,,,,,,,,,,,,,,,,,,,,,,,,,,,,,,,,,,,,,
4,,标 准 值,,,22.6,,,2.02,1.65,19.8,16.2,0.648,,,,,,0.45,,,,,,,,,,,,,,,,,,,,,,,,,,,,,,,,,,,,,,,,,,,,,,,,,,,,,,,,,,,,,,,,,,,,,,,,,,0.21,,,,,,,,,,,,,,,,,,,,,,,,8.0,,,,,,,,,,,,,,,,,,,,,,,,,,24.9,16.5,,,,,27.9,7.8,,,,,,,,,,,,,,,,,,,,,,,,,,,,,,,,,,,,,,,,,,,0.76,0.25,,,,,,,,,,,,,,,,,,,,,,,,,,,,,,,,,,,,,,,,,,,,,,,,,,,,,,,,,,,,,,,,,,,,,,,,,,,,,,,,,,,,,,,,,,,,,,,,,,,,,,,,,,,,
4,,建 议 值,,,22.0,,2.71,2.03,1.66,19.9,16.3,0.633,38.7,94,30.1,17.0,13.1,0.39,,,,,,,0.73,47.69,1.75,,,,,,,,,,,,,,,,,,,,,,,,,,,,,,,,,,,,,,,,,,,,,,,,,,,,,,,,,,,,,,,,,0.19,,,,,,,,,,,,,,,,,,,,,,,,9.2,,,,,,,,,,,,,,,,,,,,,,,,,,24.9,16.5,,,,,27.9,7.8,,,,,,,,,,,,,,,,,,,,,,,,,,,,,,,,,121,,,,,,,,,48.0,0.60,0.20,9,,,,,,,,,,,,,,,,,,,,,,,,,,,,,,,,,,,,,,,,,,,,,,,,,,,,,,,,,,,,,,,,,,,,,,,,,,,,,,,,,,,,,,,,,,,,,,,,,,,,,,,,,,,
5,,最 小 值,,,21.4,,2.70,2.01,1.64,19.7,16.1,0.576,36.5,94,26.4,16.0,10.4,0.35,,,,,,,0.72,45.60,1.61,,,,,,,,,,,,,0.9,,12.0,12.0,5.7,39.9,2.9,,,,,,1.7,,,,,,,,,,,,,,,,,,,,,,,,,,,,,,,,,,,,,,,,0.12,,,,,,,,,,,,,,,,,,,,,,,,12.0,,,,,,,,,,,,,,,,,,,,,,,,,,19.7,23.0,,,,,,,,,,,,,,,,,,,,,,,,,,,,,,,,,,,,,,,,,,,,,,,,,,,,,,,,,,,,,,,,,,,,,,,,,,,,,,,,,,,,,,,,,,,,,,,,,,,,,,,,,,,,,,,,,,,,,,,,,,,,,,,,,,,,,,,,,,,,,,,,,,,,,,,,,,,,,,
5,,最 大 值,,,23.0,,2.72,2.08,1.71,20.4,16.8,0.647,39.3,100,32.0,18.3,13.8,0.52,,,,,,,0.81,50.00,1.76,,,,,,,,,,,,,33.0,,57.1,57.1,27.9,67.0,19.6,,,,,,40.4,,,,,,,,,,,,,,,,,,,,,,,,,,,,,,,,,,,,,,,,0.12,,,,,,,,,,,,,,,,,,,,,,,,24.0,,,,,,,,,,,,,,,,,,,,,,,,,,31.8,23.2,,,,,,,,,,,,,,,,,,,,,,,,,,,,,,,,,,,,,,,,,,,,,,,,,,,,,,,,,,,,,,,,,,,,,,,,,,,,,,,,,,,,,,,,,,,,,,,,,,,,,,,,,,,,,,,,,,,,,,,,,,,,,,,,,,,,,,,,,,,,,,,,,,,,,,,,,,,,,,
5,,数据个数,,,3,,3,3,3,3,3,3,3,3,3,3,3,3,,,,,,,3,3,3,,,,,,,,,,,,,8,,8,8,8,8,8,,,,,,8,,,,,,,,,,,,,,,,,,,,,,,,,,,,,,,,,,,,,,,,2,,,,,,,,,,,,,,,,,,,,,,,,4,,,,,,,,,,,,,,,,,,,,,,,,,,2,2,,,,,1,1,,,,,,,,,,,,,,,,,,,,,,,,,,,,,,,,,,,,,,,,,,,,,,,,,,,,,,,,,,,,,,,,,,,,,,,,,,,,,,,,,,,,,,,,,,,,,,,,,,,,,,,,,,,,,,,,,,,,,,,,,,,,,,,,,,,,,,,,,,,,,,,,,,,,,,,,
5,,平 均 值,,,22.3,,2.71,2.04,1.67,20.0,16.4,0.621,38.3,97,29.3,17.5,11.8,0.42,,,,,,,0.77,47.15,1.67,,,,,,,,,,,,,16.7,,38.9,38.9,14.3,53.2,8.4,,,,,,21.6,,,,,,,,,,,,,,,,,,,,,,,,,,,,,,,,,,,,,,,,0.12,,,,,,,,,,,,,,,,,,,,,,,,15.9,,,,,,,,,,,,,,,,,,,,,,,,,,25.8,23.1,,,,,31.0,9.7,,,,,,,,,,,,,,,,,,,,,,,,,,,,,,,,,,,,,,,,,,,,,,,,,,,,,,,,,,,,,,,,,,,,,,,,,,,,,,,,,,,,,,,,,,,,,,,,,,,,,,,,,,,,,,,,,,,,,,,,,,,,,,,,,,,,,,,,,,,,,,,,,,,,,,,,
5,,标 准 差,,,0.8,,0.01,0.04,0.04,0.4,0.4,0.039,1.5,3,2.8,1.3,1.8,0.09,,,,,,,0.05,2.47,0.08,,,,,,,,,,,,,13.1,,15.3,15.3,8.6,9.1,6.5,,,,,,14.7,,,,,,,,,,,,,,,,,,,,,,,,,,,,,,,,,,,,,,,,,,,,,,,,,,,,,,,,,,,,,,,,5.5,,,,,,,,,,,,,,,,,,,,,,,,,,8.6,0.1,,,,,,,,,,,,,,,,,,,,,,,,,,,,,,,,,,,,,,,,,,,,,,,,,,,,,,,,,,,,,,,,,,,,,,,,,,,,,,,,,,,,,,,,,,,,,,,,,,,,,,,,,,,,,,,,,,,,,,,,,,,,,,,,,,,,,,,,,,,,,,,,,,,,,,,,,,,,,,
5,,变异系数,,,0.04,,0.00,0.02,0.02,0.02,0.02,0.06,0.04,0.03,0.10,0.07,0.15,0.22,,,,,,,0.06,0.05,0.05,,,,,,,,,,,,,0.78,,0.39,0.39,0.60,0.17,0.77,,,,,,0.68,,,,,,,,,,,,,,,,,,,,,,,,,,,,,,,,,,,,,,,,,,,,,,,,,,,,,,,,,,,,,,,,0.34,,,,,,,,,,,,,,,,,,,,,,,,,,0.33,0.01,,,,,,,,,,,,,,,,,,,,,,,,,,,,,,,,,,,,,,,,,,,,,,,,,,,,,,,,,,,,,,,,,,,,,,,,,,,,,,,,,,,,,,,,,,,,,,,,,,,,,,,,,,,,,,,,,,,,,,,,,,,,,,,,,,,,,,,,,,,,,,,,,,,,,,,,,,,,,,
5,,小值平均值,,,21.4,,2.70,2.03,1.65,19.9,16.2,0.576,36.5,94,26.4,16.0,10.8,0.37,,,,,,,0.72,45.72,1.63,,,,,,,,,,,,,,,,,,,,,,,,,,,,,,,,,,,,,,,,,,,,,,,,,,,,,,,,,,,,,,,,,,,,,,,,,,,,,,,,,,,,,,,,,13.2,,,,,,,,,,,,,,,,,,,,,,,,,,19.7,23.0,,,,,,,,,,,,,,,,,,,,,,,,,,,,,,,,,,,,,,,,,,,,,,,,,,,,,,,,,,,,,,,,,,,,,,,,,,,,,,,,,,,,,,,,,,,,,,,,,,,,,,,,,,,,,,,,,,,,,,,,,,,,,,,,,,,,,,,,,,,,,,,,,,,,,,,,,,,,,,
5,,大值平均值,,,22.8,,2.72,2.08,1.71,20.4,16.8,0.644,39.2,99,30.8,18.3,13.8,0.52,,,,,,,0.79,50.00,1.76,,,,,,,,,,,,,,,,,,,,,,,,,,,,,,,,,,,,,,,,,,,,,,,,,,,,,,,,,,,,,,,,,,,,,,,,,,,,,,,,,,,,,,,,,24.0,,,,,,,,,,,,,,,,,,,,,,,,,,31.8,23.2,,,,,,,,,,,,,,,,,,,,,,,,,,,,,,,,,,,,,,,,,,,,,,,,,,,,,,,,,,,,,,,,,,,,,,,,,,,,,,,,,,,,,,,,,,,,,,,,,,,,,,,,,,,,,,,,,,,,,,,,,,,,,,,,,,,,,,,,,,,,,,,,,,,,,,,,,,,,,,
5,,统计修正系数,,,,,,,,,,,,,,,,,,,,,,,,,,,,,,,,,,,,,,,,,,,,,,,,,,,,,,,,,,,,,,,,,,,,,,,,,,,,,,,,,,,,,,,,,,,,,,,,,,,,,,,,,,,,,,,,,,,,,,,,,,,,,,,,,,,,,,,,,,,,,,,,,,,,,,,,,,,,,,,,,,,,,,,,,,,,,,,,,,,,,,,,,,,,,,,,,,,,,,,,,,,,,,,,,,,,,,,,,,,,,,,,,,,,,,,,,,,,,,,,,,,,,,,,,,,,,,,,,,,,,,,,,,,,,,,,,,,,,,,,,,,,,,,,,,,,,,,,,,,
5,,标 准 值,,,,,,,,,,,,,,,,,,,,,,,,,,,,,,,,,,,,,,,,,,,,,,,,,,,,,,,,,,,,,,,,,,,,,,,,,,,,,,,,,,,,,,,,,,,,,,,,,,,,,,,,,,,,,,,,,,,,,,,,,,,,,,,,,,,,,,,,,,,,,,,,,,,,,,,,,,,,,,,,,,,,,,,,,,,,,,,,,,,,,,,,,,,,,,,,,,,,,,,,,,,,,,,,,,,,,,,,,,,,,,,,,,,,,,,,,,,,,,,,,,,,,,,,,,,,,,,,,,,,,,,,,,,,,,,,,,,,,,,,,,,,,,,,,,,,,,,,,,,
5,,建 议 值,,,22.3,,2.71,2.04,1.67,20.0,16.4,0.621,38.3,97,29.3,17.5,11.8,0.42,,,,,,,0.77,47.15,1.67,,,,,,,,,,,,,16.7,,38.9,38.9,14.3,53.2,8.4,,,,,,21.6,,,,,,,,,,,,,,,,,,,,,,,,,,,,,,,,,,,,,,,,0.12,,,,,,,,,,,,,,,,,,,,,,,,15.9,,,,,,,,,,,,,,,,,,,,,,,,,,,,,,,,,,,,,,,,,,,,,,,,,,,,,,,,,,,,,,,,,,,,,,,,,,,,,,,,,,,,,,,,,,,,,,,,,,,,,,,,,,,,,,,,,,,,,,,,,,,,,,,,,,,,,,,,,,,,,,,,,,,,,,,,,,,,,,,,,,,,,,,,,,,,,,,,,,,,,,,,,
6,,最 小 值,,,,,,,,,,,,,,,,,,,,,,,,,,,,,,,,,,,,,,15.0,,35.1,35.1,9.5,47.3,4.0,,,,,,3.1,,,,,,,,,,,,,,,,,,,,,,,,,,,,,,,,,,,,,,,,,,,,,,,,,,,,,,,,,,,,,,,,,,,,,,,,,,,,,,,,,,,,,,,,,,,,,,,,,,,,,,,,,,,,,,,,,,,,,,,,,,,,,,,,,,,,,,,,,,,,,,,,,,,,,,,,,,,,,,,,,,,,,,,,,,,,,,,,,,,,,,,,,,,,,,,,,,,,,,,,,,,,,,,,,,,,,,,,,,,,,,,,,,,,,,,,,,,,,,,,,,,,,,,,,
6,,最 大 值,,,,,,,,,,,,,,,,,,,,,,,,,,,,,,,,,,,,,,34.3,,53.1,53.1,22.8,70.5,8.0,,,,,,27.7,,,,,,,,,,,,,,,,,,,,,,,,,,,,,,,,,,,,,,,,,,,,,,,,,,,,,,,,,,,,,,,,,,,,,,,,,,,,,,,,,,,,,,,,,,,,,,,,,,,,,,,,,,,,,,,,,,,,,,,,,,,,,,,,,,,,,,,,,,,,,,,,,,,,,,,,,,,,,,,,,,,,,,,,,,,,,,,,,,,,,,,,,,,,,,,,,,,,,,,,,,,,,,,,,,,,,,,,,,,,,,,,,,,,,,,,,,,,,,,,,,,,,,,,,
6,,数据个数,,,,,,,,,,,,,,,,,,,,,,,,,,,,,,,,,,,,,,8,,8,8,8,8,8,,,,,,8,,,,,,,,,,,,,,,,,,,,,,,,,,,,,,,,,,,,,,,,,,,,,,,,,,,,,,,,,,,,,,,,1,,,,,,,,,,,,,,,,,,,,,,,,,,,,,,,,,,,,,,,,,,,,,,,,,,,,,,,,,,,,,,,,,,,,,,,,,,,,,,,,,,,,,,,,,,,,,,,,,,,,,,,,,,,,,,,,,,,,,,,,,,,,,,,,,,,,,,,,,,,,,,,,,,,,,,,,,,,,,,,,,,,,,,,,,,,,,,,,,,,,,,,,,
6,,平 均 值,,,,,,,,,,,,,,,,,,,,,,,,,,,,,,,,,,,,,,23.1,,46.4,46.4,13.8,60.2,5.6,,,,,,11.1,,,,,,,,,,,,,,,,,,,,,,,,,,,,,,,,,,,,,,,,,,,,,,,,,,,,,,,,,,,,,,,,23.0,,,,,,,,,,,,,,,,,,,,,,,,,,,,,,,,,,,,,,,,,,,,,,,,,,,,,,,,,,,,,,,,,,,,,,,,,,,,,,,,,,,,,,,,,,,,,,,,,,,,,,,,,,,,,,,,,,,,,,,,,,,,,,,,,,,,,,,,,,,,,,,,,,,,,,,,,,,,,,,,,,,,,,,,,,,,,,,,,,,,,,,,,
6,,标 准 差,,,,,,,,,,,,,,,,,,,,,,,,,,,,,,,,,,,,,,6.8,,5.6,5.6,4.0,7.2,1.6,,,,,,8.0,,,,,,,,,,,,,,,,,,,,,,,,,,,,,,,,,,,,,,,,,,,,,,,,,,,,,,,,,,,,,,,,,,,,,,,,,,,,,,,,,,,,,,,,,,,,,,,,,,,,,,,,,,,,,,,,,,,,,,,,,,,,,,,,,,,,,,,,,,,,,,,,,,,,,,,,,,,,,,,,,,,,,,,,,,,,,,,,,,,,,,,,,,,,,,,,,,,,,,,,,,,,,,,,,,,,,,,,,,,,,,,,,,,,,,,,,,,,,,,,,,,,,,,,,
6,,变异系数,,,,,,,,,,,,,,,,,,,,,,,,,,,,,,,,,,,,,,0.30,,0.12,0.12,0.29,0.12,0.28,,,,,,0.72,,,,,,,,,,,,,,,,,,,,,,,,,,,,,,,,,,,,,,,,,,,,,,,,,,,,,,,,,,,,,,,,,,,,,,,,,,,,,,,,,,,,,,,,,,,,,,,,,,,,,,,,,,,,,,,,,,,,,,,,,,,,,,,,,,,,,,,,,,,,,,,,,,,,,,,,,,,,,,,,,,,,,,,,,,,,,,,,,,,,,,,,,,,,,,,,,,,,,,,,,,,,,,,,,,,,,,,,,,,,,,,,,,,,,,,,,,,,,,,,,,,,,,,,,
6,,小值平均值,,,,,,,,,,,,,,,,,,,,,,,,,,,,,,,,,,,,,,,,,,,,,,,,,,,,,,,,,,,,,,,,,,,,,,,,,,,,,,,,,,,,,,,,,,,,,,,,,,,,,,,,,,,,,,,,,,,,,,,,,,,,,,,,,,,,,,,,,,,,,,,,,,,,,,,,,,,,,,,,,,,,,,,,,,,,,,,,,,,,,,,,,,,,,,,,,,,,,,,,,,,,,,,,,,,,,,,,,,,,,,,,,,,,,,,,,,,,,,,,,,,,,,,,,,,,,,,,,,,,,,,,,,,,,,,,,,,,,,,,,,,,,,,,,,,,,,,,,,,
6,,大值平均值,,,,,,,,,,,,,,,,,,,,,,,,,,,,,,,,,,,,,,,,,,,,,,,,,,,,,,,,,,,,,,,,,,,,,,,,,,,,,,,,,,,,,,,,,,,,,,,,,,,,,,,,,,,,,,,,,,,,,,,,,,,,,,,,,,,,,,,,,,,,,,,,,,,,,,,,,,,,,,,,,,,,,,,,,,,,,,,,,,,,,,,,,,,,,,,,,,,,,,,,,,,,,,,,,,,,,,,,,,,,,,,,,,,,,,,,,,,,,,,,,,,,,,,,,,,,,,,,,,,,,,,,,,,,,,,,,,,,,,,,,,,,,,,,,,,,,,,,,,,
6,,统计修正系数,,,,,,,,,,,,,,,,,,,,,,,,,,,,,,,,,,,,,,,,,,,,,,,,,,,,,,,,,,,,,,,,,,,,,,,,,,,,,,,,,,,,,,,,,,,,,,,,,,,,,,,,,,,,,,,,,,,,,,,,,,,,,,,,,,,,,,,,,,,,,,,,,,,,,,,,,,,,,,,,,,,,,,,,,,,,,,,,,,,,,,,,,,,,,,,,,,,,,,,,,,,,,,,,,,,,,,,,,,,,,,,,,,,,,,,,,,,,,,,,,,,,,,,,,,,,,,,,,,,,,,,,,,,,,,,,,,,,,,,,,,,,,,,,,,,,,,,,,,,
6,,标 准 值,,,,,,,,,,,,,,,,,,,,,,,,,,,,,,,,,,,,,,,,,,,,,,,,,,,,,,,,,,,,,,,,,,,,,,,,,,,,,,,,,,,,,,,,,,,,,,,,,,,,,,,,,,,,,,,,,,,,,,,,,,,,,,,,,,,,,,,,,,,,,,,,,,,,,,,,,,,,,,,,,,,,,,,,,,,,,,,,,,,,,,,,,,,,,,,,,,,,,,,,,,,,,,,,,,,,,,,,,,,,,,,,,,,,,,,,,,,,,,,,,,,,,,,,,,,,,,,,,,,,,,,,,,,,,,,,,,,,,,,,,,,,,,,,,,,,,,,,,,,
6,,建 议 值,,,,,,,,,,,,,,,,,,,,,,,,,,,,,,,,,,,,,,23.1,,46.4,46.4,13.8,60.2,5.6,,,,,,11.1,,,,,,,,,,,,,,,,,,,,,,,,,,,,,,,,,,,,,,,,,,,,,,,,,,,,,,,,,,,,,,,,,,,,,,,,,,,,,,,,,,,,,,,,,,,,,,,,,,,,,,,,,,,,,,,,,,,,,,,,,,,,,,,,,,,,,,,,,,,,,,,,,,,,,,,,,,,,,,,,,,,,,,,,,,,,,,,,,,,,,,,,,,,,,,,,,,,,,,,,,,,,,,,,,,,,,,,,,,,,,,,,,,,,,,,,,,,,,,,,,,,,,,,,,
7,,最 小 值,,,18.4,,2.72,2.06,1.70,20.2,16.7,0.541,35.1,91,31.4,17.8,13.5,-0.38,,,,,,,0.50,57.28,1.57,,,,,,,,,,,,,,,,,,,,,,,,,,,,,,,,,,,,,,,,,,,,,,,,,,,,,,,,,,,,,,,,,0.10,,,,,,,,,,,,,,,,,,,,,,,,12.5,,,,,,,,,,,,,,,,,,,,,,,,,,57.7,20.6,,,,,,,,,,,,,,,,,,,,,,,,,,,,,,,,,,,,,,,,,,,,,,,,,,,,,,,,,,,,,,,,,,,,,,,,,,,,,,,,,,,,,,,,,,,,,,,,,,,,,,,,,,,,,,,,,,,,,,,,,,,,,,,,,,,,,,,,,,,,,,,,,,,,,,,,,,,,,,
7,,最 大 值,,,22.9,,2.73,2.11,1.76,20.7,17.3,0.608,37.8,100,41.3,23.5,18.5,0.19,,,,,,,0.61,69.98,1.91,,,,,,,,,,,,,,,,,,,,,,,,,,,,,,,,,,,,,,,,,,,,,,,,,,,,,,,,,,,,,,,,,0.13,,,,,,,,,,,,,,,,,,,,,,,,15.2,,,,,,,,,,,,,,,,,,,,,,,,,,83.9,23.3,,,,,,,,,,,,,,,,,,,,,,,,,,,,,,,,,,,,,,,,,,,,,,,,,,,,,,,,,,,,,,,,,,,,,,,,,,,,,,,,,,,,,,,,,,,,,,,,,,,,,,,,,,,,,,,,,,,,,,,,,,,,,,,,,,,,,,,,,,,,,,,,,,,,,,,,,,,,,,
7,,数据个数,,,5,,5,5,5,5,5,5,5,5,5,5,5,5,,,,,,,5,5,5,,,,,,,,,,,,,,,,,,,,,,,,,,,,,,,,,,,,,,,,,,,,,,,,,,,,,,,,,,,,,,,,,3,,,,,,,,,,,,,,,,,,,,,,,,3,,,,,,,,,,,,,,,,,,,,,,,,,,3,3,,,,,,,,,,,,,,,,,,,,,,,,,,,,,,,,,,,,,,,,,,,,,,,,,,,,,,,,,,,,,,,,,,,,,,,,,,,,,,,,,,,,,,,,,,,,,,,,,,,,,,,,,,,,,,,,,,,,,,,,,,,,,,,,,,,,,,,,,,,,,,,,,,,,,,,,,,,,,,
7,,平 均 值,,,20.3,,2.73,2.09,1.74,20.5,17.0,0.569,36.2,96,36.4,20.7,15.6,-0.04,,,,,,,0.56,63.94,1.76,,,,,,,,,,,,,,,,,,,,,,,,,,,,,,,,,,,,,,,,,,,,,,,,,,,,,,,,,,,,,,,,,0.12,,,,,,,,,,,,,,,,,,,,,,,,13.7,,,,,,,,,,,,,,,,,,,,,,,,,,69.3,22.0,,,,,,,,,,,,,,,,,,,,,,,,,,,,,,,,,,,,,,,,,,,,,,,,,,,,,,,,,,,,,,,,,,,,,,,,,,,,,,,,,,,,,,,,,,,,,,,,,,,,,,,,,,,,,,,,,,,,,,,,,,,,,,,,,,,,,,,,,,,,,,,,,,,,,,,,,,,,,,
7,,标 准 差,,,1.8,,0.01,0.02,0.03,0.2,0.3,0.029,1.2,3,3.6,2.6,2.1,0.22,,,,,,,0.05,5.87,0.12,,,,,,,,,,,,,,,,,,,,,,,,,,,,,,,,,,,,,,,,,,,,,,,,,,,,,,,,,,,,,,,,,0.02,,,,,,,,,,,,,,,,,,,,,,,,1.4,,,,,,,,,,,,,,,,,,,,,,,,,,13.4,1.4,,,,,,,,,,,,,,,,,,,,,,,,,,,,,,,,,,,,,,,,,,,,,,,,,,,,,,,,,,,,,,,,,,,,,,,,,,,,,,,,,,,,,,,,,,,,,,,,,,,,,,,,,,,,,,,,,,,,,,,,,,,,,,,,,,,,,,,,,,,,,,,,,,,,,,,,,,,,,,
7,,变异系数,,,0.09,,0.00,0.01,0.02,0.01,0.02,0.05,0.03,0.03,0.10,0.13,0.14,-6.06,,,,,,,0.09,0.09,0.07,,,,,,,,,,,,,,,,,,,,,,,,,,,,,,,,,,,,,,,,,,,,,,,,,,,,,,,,,,,,,,,,,0.13,,,,,,,,,,,,,,,,,,,,,,,,0.10,,,,,,,,,,,,,,,,,,,,,,,,,,0.19,0.06,,,,,,,,,,,,,,,,,,,,,,,,,,,,,,,,,,,,,,,,,,,,,,,,,,,,,,,,,,,,,,,,,,,,,,,,,,,,,,,,,,,,,,,,,,,,,,,,,,,,,,,,,,,,,,,,,,,,,,,,,,,,,,,,,,,,,,,,,,,,,,,,,,,,,,,,,,,,,,
7,,小值平均值,,,19.1,,2.72,2.07,1.71,20.3,16.8,0.549,35.4,93,33.1,18.0,13.6,-0.24,,,,,,,0.53,57.64,1.69,,,,,,,,,,,,,,,,,,,,,,,,,,,,,,,,,,,,,,,,,,,,,,,,,,,,,,,,,,,,,,,,,0.10,,,,,,,,,,,,,,,,,,,,,,,,13.0,,,,,,,,,,,,,,,,,,,,,,,,,,62.0,20.6,,,,,,,,,,,,,,,,,,,,,,,,,,,,,,,,,,,,,,,,,,,,,,,,,,,,,,,,,,,,,,,,,,,,,,,,,,,,,,,,,,,,,,,,,,,,,,,,,,,,,,,,,,,,,,,,,,,,,,,,,,,,,,,,,,,,,,,,,,,,,,,,,,,,,,,,,,,,,,
7,,大值平均值,,,22.1,,2.73,2.10,1.76,20.6,17.2,0.599,37.5,98,38.6,22.6,17.0,0.10,,,,,,,0.61,68.13,1.86,,,,,,,,,,,,,,,,,,,,,,,,,,,,,,,,,,,,,,,,,,,,,,,,,,,,,,,,,,,,,,,,,0.13,,,,,,,,,,,,,,,,,,,,,,,,15.2,,,,,,,,,,,,,,,,,,,,,,,,,,83.9,22.8,,,,,,,,,,,,,,,,,,,,,,,,,,,,,,,,,,,,,,,,,,,,,,,,,,,,,,,,,,,,,,,,,,,,,,,,,,,,,,,,,,,,,,,,,,,,,,,,,,,,,,,,,,,,,,,,,,,,,,,,,,,,,,,,,,,,,,,,,,,,,,,,,,,,,,,,,,,,,,
7,,统计修正系数,,,1.085,,,0.991,0.985,0.991,0.985,1.048,,,,,,-4.751,,,,,,,,,,,,,,,,,,,,,,,,,,,,,,,,,,,,,,,,,,,,,,,,,,,,,,,,,,,,,,,,,,,,,,,,,,,,,,,,,,,,,,,,,,,,,,,,,,,,,,,,,,,,,,,,,,,,,,,,,,,,,,,,,,,,,,,,,,,,,,,,,,,,,,,,,,,,,,,,,,,,,,,,,,,,,,,,,,,,,,,,,,,,,,,,,,,,,,,,,,,,,,,,,,,,,,,,,,,,,,,,,,,,,,,,,,,,,,,,,,,,,,,,,,,,,,,,,,,,,,,,,,,,,,,,,,,,,,,,,,,
7,,标 准 值,,,22.0,,,2.07,1.71,20.3,16.8,0.596,,,,,,0.17,,,,,,,,,,,,,,,,,,,,,,,,,,,,,,,,,,,,,,,,,,,,,,,,,,,,,,,,,,,,,,,,,,,,,,,,,,,,,,,,,,,,,,,,,,,,,,,,,,,,,,,,,,,,,,,,,,,,,,,,,,,,,,,,,,,,,,,,,,,,,,,,,,,,,,,,,,,,,,,,,,,,,,,,,,,,,,,,,,,,,,,,,,,,,,,,,,,,,,,,,,,,,,,,,,,,,,,,,,,,,,,,,,,,,,,,,,,,,,,,,,,,,,,,,,,,,,,,,,,,,,,,,,,,,,,,,,,,,,,,,,,
7,,建 议 值,,,20.3,,2.73,2.09,1.74,20.5,17.0,0.569,36.2,96,36.4,20.7,15.6,-0.04,,,,,,,0.56,63.94,1.76,,,,,,,,,,,,,,,,,,,,,,,,,,,,,,,,,,,,,,,,,,,,,,,,,,,,,,,,,,,,,,,,,0.12,,,,,,,,,,,,,,,,,,,,,,,,13.7,,,,,,,,,,,,,,,,,,,,,,,,,,,,,,,,,,,,,,,,,,,,,,,,,,,,,,,,,,,,,,,,,,,,,,,,,,,,,,,,,,,,,,,,,,,,,,,,,,,,,,,,,,,,,,,,,,,,,,,,,,,,,,,,,,,,,,,,,,,,,,,,,,,,,,,,,,,,,,,,,,,,,,,,,,,,,,,,,,,,,,,,,
8,,最 小 值,,,,,,,,,,,,,,,,,,,,,,,,,,,,,,,,,,,,,,,,,,,,,,,,,,,,,,,,,,,,,,,,,,,,,,,,,,,,,,,,,,,,,,,,,,,,,,,,,,,,,,,,,,,,,,,,,,,,,,,,,,,,,,,,,,,,,,,,,,,,,,,,,,,,,,,,,,,,,,,,,,,,,,,,,,,,,,,,,,,,,,,,,,,,,,,,,,,,,,,,,,,,,,,,,,,,,,,,,,,,,,,,,,,,,,,,,,,,,,,,,,,,,,,,,,,,,,,,,,,,,,,,,,,,,,,,,,,,,,,,,,,,,,,,,,,,,,,,,,,
8,,最 大 值,,,,,,,,,,,,,,,,,,,,,,,,,,,,,,,,,,,,,,,,,,,,,,,,,,,,,,,,,,,,,,,,,,,,,,,,,,,,,,,,,,,,,,,,,,,,,,,,,,,,,,,,,,,,,,,,,,,,,,,,,,,,,,,,,,,,,,,,,,,,,,,,,,,,,,,,,,,,,,,,,,,,,,,,,,,,,,,,,,,,,,,,,,,,,,,,,,,,,,,,,,,,,,,,,,,,,,,,,,,,,,,,,,,,,,,,,,,,,,,,,,,,,,,,,,,,,,,,,,,,,,,,,,,,,,,,,,,,,,,,,,,,,,,,,,,,,,,,,,,
8,,数据个数,,,1,,1,1,1,1,1,1,1,1,,,,,,,,,,,,,,,,,,,,,,,,,,,,,,,,,,,,,,,,,,,,,,,,,,,,,,,,,,,,,,,,,,,,,,,,,,,,,,1,,,,,,,,,,,,,,,,,,,,,,,,1,,,,,,,,,,,,,,,,,,,,,,,,,,,,,,,,,,,,,,,,,,,,,,,,,,,,,,,,,,,,,,,,,,,,,,,,,,,,,,,,,,,,,,,,,,,,,,,,,,,,,,,,,,,,,,,,,,,,,,,,,,,,,,,,,,,,,,,,,,,,,,,,,,,,,,,,,,,,,,,,,,,,,,,,,,,,,,,,,,,,,,,,,
8,,平 均 值,,,23.8,,2.70,1.99,1.61,19.5,15.8,0.680,40.5,95,,,,,,,,,,,,,,,,,,,,,,,,,,,,,,,,,,,,,,,,,,,,,,,,,,,,,,,,,,,,,,,,,,,,,,,,,,,,,,0.28,,,,,,,,,,,,,,,,,,,,,,,,6.1,,,,,,,,,,,,,,,,,,,,,,,,,,,,,,,,,,,,,,,,,,,,,,,,,,,,,,,,,,,,,,,,,,,,,,,,,,,,,,,,,,,,,,,,,,,,,,,,,,,,,,,,,,,,,,,,,,,,,,,,,,,,,,,,,,,,,,,,,,,,,,,,,,,,,,,,,,,,,,,,,,,,,,,,,,,,,,,,,,,,,,,,,
8,,标 准 差,,,,,,,,,,,,,,,,,,,,,,,,,,,,,,,,,,,,,,,,,,,,,,,,,,,,,,,,,,,,,,,,,,,,,,,,,,,,,,,,,,,,,,,,,,,,,,,,,,,,,,,,,,,,,,,,,,,,,,,,,,,,,,,,,,,,,,,,,,,,,,,,,,,,,,,,,,,,,,,,,,,,,,,,,,,,,,,,,,,,,,,,,,,,,,,,,,,,,,,,,,,,,,,,,,,,,,,,,,,,,,,,,,,,,,,,,,,,,,,,,,,,,,,,,,,,,,,,,,,,,,,,,,,,,,,,,,,,,,,,,,,,,,,,,,,,,,,,,,,
8,,变异系数,,,,,,,,,,,,,,,,,,,,,,,,,,,,,,,,,,,,,,,,,,,,,,,,,,,,,,,,,,,,,,,,,,,,,,,,,,,,,,,,,,,,,,,,,,,,,,,,,,,,,,,,,,,,,,,,,,,,,,,,,,,,,,,,,,,,,,,,,,,,,,,,,,,,,,,,,,,,,,,,,,,,,,,,,,,,,,,,,,,,,,,,,,,,,,,,,,,,,,,,,,,,,,,,,,,,,,,,,,,,,,,,,,,,,,,,,,,,,,,,,,,,,,,,,,,,,,,,,,,,,,,,,,,,,,,,,,,,,,,,,,,,,,,,,,,,,,,,,,,
8,,小值平均值,,,,,,,,,,,,,,,,,,,,,,,,,,,,,,,,,,,,,,,,,,,,,,,,,,,,,,,,,,,,,,,,,,,,,,,,,,,,,,,,,,,,,,,,,,,,,,,,,,,,,,,,,,,,,,,,,,,,,,,,,,,,,,,,,,,,,,,,,,,,,,,,,,,,,,,,,,,,,,,,,,,,,,,,,,,,,,,,,,,,,,,,,,,,,,,,,,,,,,,,,,,,,,,,,,,,,,,,,,,,,,,,,,,,,,,,,,,,,,,,,,,,,,,,,,,,,,,,,,,,,,,,,,,,,,,,,,,,,,,,,,,,,,,,,,,,,,,,,,,
8,,大值平均值,,,,,,,,,,,,,,,,,,,,,,,,,,,,,,,,,,,,,,,,,,,,,,,,,,,,,,,,,,,,,,,,,,,,,,,,,,,,,,,,,,,,,,,,,,,,,,,,,,,,,,,,,,,,,,,,,,,,,,,,,,,,,,,,,,,,,,,,,,,,,,,,,,,,,,,,,,,,,,,,,,,,,,,,,,,,,,,,,,,,,,,,,,,,,,,,,,,,,,,,,,,,,,,,,,,,,,,,,,,,,,,,,,,,,,,,,,,,,,,,,,,,,,,,,,,,,,,,,,,,,,,,,,,,,,,,,,,,,,,,,,,,,,,,,,,,,,,,,,,
8,,统计修正系数,,,,,,,,,,,,,,,,,,,,,,,,,,,,,,,,,,,,,,,,,,,,,,,,,,,,,,,,,,,,,,,,,,,,,,,,,,,,,,,,,,,,,,,,,,,,,,,,,,,,,,,,,,,,,,,,,,,,,,,,,,,,,,,,,,,,,,,,,,,,,,,,,,,,,,,,,,,,,,,,,,,,,,,,,,,,,,,,,,,,,,,,,,,,,,,,,,,,,,,,,,,,,,,,,,,,,,,,,,,,,,,,,,,,,,,,,,,,,,,,,,,,,,,,,,,,,,,,,,,,,,,,,,,,,,,,,,,,,,,,,,,,,,,,,,,,,,,,,,,
8,,标 准 值,,,,,,,,,,,,,,,,,,,,,,,,,,,,,,,,,,,,,,,,,,,,,,,,,,,,,,,,,,,,,,,,,,,,,,,,,,,,,,,,,,,,,,,,,,,,,,,,,,,,,,,,,,,,,,,,,,,,,,,,,,,,,,,,,,,,,,,,,,,,,,,,,,,,,,,,,,,,,,,,,,,,,,,,,,,,,,,,,,,,,,,,,,,,,,,,,,,,,,,,,,,,,,,,,,,,,,,,,,,,,,,,,,,,,,,,,,,,,,,,,,,,,,,,,,,,,,,,,,,,,,,,,,,,,,,,,,,,,,,,,,,,,,,,,,,,,,,,,,,
8,,建 议 值,,,,,,,,,,,,,,,,,,,,,,,,,,,,,,,,,,,,,,,,,,,,,,,,,,,,,,,,,,,,,,,,,,,,,,,,,,,,,,,,,,,,,,,,,,,,,,,,,,,,,,,,,,,,,,,,,,,,,,,,,,,,,,,,,,,,,,,,,,,,,,,,,,,,,,,,,,,,,,,,,,,,,,,,,,,,,,,,,,,,,,,,,,,,,,,,,,,,,,,,,,,,,,,,,,,,,,,,,,,,,,,,,,,,,,,,,,,,,,,,,,,,,,,,,,,,,,,,,,,,,,,,,,,,,,,,,,,,,,,,,,,,,,,,,,,,,,,,,,,
,,最 小 值,,,17.8,,2.72,1.97,1.63,19.3,16.0,0.610,37.9,79,32.7,17.3,14.0,-0.16,,,,,,,0.51,49.41,1.73,,,,,,,,,,,,,,,,,,,,,,,,,,,,,,,,,,,,,,,,,,,,,,,,,,,,,,,,,,,,,,,,,0.11,,,,,,,,,,,,,,,,,,,,,,,,11.5,,,,,,,,,,,,,,,,,,,,,,,,,,38.2,20.0,,,,,,,,,,,,,,,,,,,,,,,,,,,,,,,,,,,,,,,,,,,,,,,,,,,,,,,,,,,,,,,,,,,,,,,,,,,,,,,,,,,,,,,,,,,,,,,,,,,,,,,,,,,,,,,,,,,,,,,,,,,,,,,,,,,,,,,,,,,,,,,,,,,,,,,,,,,,,,
,,最 大 值,,,20.8,,2.72,2.00,1.69,19.6,16.6,0.668,40.0,87,34.7,20.1,15.4,0.21,,,,,,,0.63,56.87,1.89,,,,,,,,,,,,,,,,,,,,,,,,,,,,,,,,,,,,,,,,,,,,,,,,,,,,,,,,,,,,,,,,,0.14,,,,,,,,,,,,,,,,,,,,,,,,14.8,,,,,,,,,,,,,,,,,,,,,,,,,,49.0,27.0,,,,,,,,,,,,,,,,,,,,,,,,,,,,,,,,,,,,,,,,,,,,,,,,,,,,,,,,,,,,,,,,,,,,,,,,,,,,,,,,,,,,,,,,,,,,,,,,,,,,,,,,,,,,,,,,,,,,,,,,,,,,,,,,,,,,,,,,,,,,,,,,,,,,,,,,,,,,,,
,,数据个数,,,3,,3,3,3,3,3,3,3,3,3,3,3,3,,,,,,,3,3,3,,,,,,,,,,,,,,,,,,,,,,,,,,,,,,,,,,,,,,,,,,,,,,,,,,,,,,,,,,,,,,,,,2,,,,,,,,,,,,,,,,,,,,,,,,2,,,,,,,,,,,,,,,,,,,,,,,,,,2,2,,,,,1,1,,,,,,,,,,,,,,,,,,,,,,,,,,,,,,,,,,,,,,,,,,,,,,,,,,,,,,,,,,,,,,,,,,,,,,,,,,,,,,,,,,,,,,,,,,,,,,,,,,,,,,,,,,,,,,,,,,,,,,,,,,,,,,,,,,,,,,,,,,,,,,,,,,,,,,,,
,,平 均 值,,,19.7,,2.72,1.99,1.66,19.5,16.3,0.639,39.0,84,33.5,18.8,14.7,0.06,,,,,,,0.59,52.49,1.79,,,,,,,,,,,,,,,,,,,,,,,,,,,,,,,,,,,,,,,,,,,,,,,,,,,,,,,,,,,,,,,,,0.13,,,,,,,,,,,,,,,,,,,,,,,,13.2,,,,,,,,,,,,,,,,,,,,,,,,,,43.6,23.5,,,,,94.0,15.7,,,,,,,,,,,,,,,,,,,,,,,,,,,,,,,,,,,,,,,,,,,,,,,,,,,,,,,,,,,,,,,,,,,,,,,,,,,,,,,,,,,,,,,,,,,,,,,,,,,,,,,,,,,,,,,,,,,,,,,,,,,,,,,,,,,,,,,,,,,,,,,,,,,,,,,,
,,标 准 差,,,1.7,,0.00,0.02,0.03,0.2,0.3,0.029,1.1,4,1.1,1.4,0.7,0.19,,,,,,,0.07,3.90,0.09,,,,,,,,,,,,,,,,,,,,,,,,,,,,,,,,,,,,,,,,,,,,,,,,,,,,,,,,,,,,,,,,,0.02,,,,,,,,,,,,,,,,,,,,,,,,2.3,,,,,,,,,,,,,,,,,,,,,,,,,,7.6,4.9,,,,,,,,,,,,,,,,,,,,,,,,,,,,,,,,,,,,,,,,,,,,,,,,,,,,,,,,,,,,,,,,,,,,,,,,,,,,,,,,,,,,,,,,,,,,,,,,,,,,,,,,,,,,,,,,,,,,,,,,,,,,,,,,,,,,,,,,,,,,,,,,,,,,,,,,,,,,,,
,,变异系数,,,0.08,,0.00,0.01,0.02,0.01,0.02,0.05,0.03,0.05,0.03,0.08,0.05,3.24,,,,,,,0.12,0.07,0.05,,,,,,,,,,,,,,,,,,,,,,,,,,,,,,,,,,,,,,,,,,,,,,,,,,,,,,,,,,,,,,,,,0.17,,,,,,,,,,,,,,,,,,,,,,,,0.18,,,,,,,,,,,,,,,,,,,,,,,,,,0.18,0.21,,,,,,,,,,,,,,,,,,,,,,,,,,,,,,,,,,,,,,,,,,,,,,,,,,,,,,,,,,,,,,,,,,,,,,,,,,,,,,,,,,,,,,,,,,,,,,,,,,,,,,,,,,,,,,,,,,,,,,,,,,,,,,,,,,,,,,,,,,,,,,,,,,,,,,,,,,,,,,
,,小值平均值,,,17.8,,,1.97,1.65,19.3,16.0,0.625,37.9,79,32.9,17.3,14.3,-0.16,,,,,,,0.51,50.30,1.74,,,,,,,,,,,,,,,,,,,,,,,,,,,,,,,,,,,,,,,,,,,,,,,,,,,,,,,,,,,,,,,,,0.11,,,,,,,,,,,,,,,,,,,,,,,,11.5,,,,,,,,,,,,,,,,,,,,,,,,,,38.2,20.0,,,,,,,,,,,,,,,,,,,,,,,,,,,,,,,,,,,,,,,,,,,,,,,,,,,,,,,,,,,,,,,,,,,,,,,,,,,,,,,,,,,,,,,,,,,,,,,,,,,,,,,,,,,,,,,,,,,,,,,,,,,,,,,,,,,,,,,,,,,,,,,,,,,,,,,,,,,,,,
,,大值平均值,,,20.7,,,2.00,1.69,19.6,16.6,0.668,39.5,86,34.7,19.6,15.4,0.17,,,,,,,0.63,56.87,1.89,,,,,,,,,,,,,,,,,,,,,,,,,,,,,,,,,,,,,,,,,,,,,,,,,,,,,,,,,,,,,,,,,0.14,,,,,,,,,,,,,,,,,,,,,,,,14.8,,,,,,,,,,,,,,,,,,,,,,,,,,49.0,27.0,,,,,,,,,,,,,,,,,,,,,,,,,,,,,,,,,,,,,,,,,,,,,,,,,,,,,,,,,,,,,,,,,,,,,,,,,,,,,,,,,,,,,,,,,,,,,,,,,,,,,,,,,,,,,,,,,,,,,,,,,,,,,,,,,,,,,,,,,,,,,,,,,,,,,,,,,,,,,,
,,统计修正系数,,,,,,,,,,,,,,,,,,,,,,,,,,,,,,,,,,,,,,,,,,,,,,,,,,,,,,,,,,,,,,,,,,,,,,,,,,,,,,,,,,,,,,,,,,,,,,,,,,,,,,,,,,,,,,,,,,,,,,,,,,,,,,,,,,,,,,,,,,,,,,,,,,,,,,,,,,,,,,,,,,,,,,,,,,,,,,,,,,,,,,,,,,,,,,,,,,,,,,,,,,,,,,,,,,,,,,,,,,,,,,,,,,,,,,,,,,,,,,,,,,,,,,,,,,,,,,,,,,,,,,,,,,,,,,,,,,,,,,,,,,,,,,,,,,,,,,,,,,,
,,标 准 值,,,,,,,,,,,,,,,,,,,,,,,,,,,,,,,,,,,,,,,,,,,,,,,,,,,,,,,,,,,,,,,,,,,,,,,,,,,,,,,,,,,,,,,,,,,,,,,,,,,,,,,,,,,,,,,,,,,,,,,,,,,,,,,,,,,,,,,,,,,,,,,,,,,,,,,,,,,,,,,,,,,,,,,,,,,,,,,,,,,,,,,,,,,,,,,,,,,,,,,,,,,,,,,,,,,,,,,,,,,,,,,,,,,,,,,,,,,,,,,,,,,,,,,,,,,,,,,,,,,,,,,,,,,,,,,,,,,,,,,,,,,,,,,,,,,,,,,,,,,
,,建 议 值,,,19.7,,2.72,1.99,1.66,19.5,16.3,0.639,39.0,84,33.5,18.8,14.7,0.06,,,,,,,0.59,52.49,1.79,,,,,,,,,,,,,,,,,,,,,,,,,,,,,,,,,,,,,,,,,,,,,,,,,,,,,,,,,,,,,,,,,0.13,,,,,,,,,,,,,,,,,,,,,,,,13.2,,,,,,,,,,,,,,,,,,,,,,,,,,,,,,,,,,,,,,,,,,,,,,,,,,,,,,,,,,,,,,,,,,,,,,,,,,,,,,,,,,,,,,,,,,,,,,,,,,,,,,,,,,,,,,,,,,,,,,,,,,,,,,,,,,,,,,,,,,,,,,,,,,,,,,,,,,,,,,,,,,,,,,,,,,,,,,,,,,,,,,,,,
